,location
0,United States
1,serenity 
2,california
3,Broward
4,"Detroit, MI"
5,"Seaside, California, USA"
6,my home
7,"Seaside, California, USA"
8,Base Hereford
9,New Zealand
10,SomeWhere over the Rainbow
11,my home
12,Ottawa
13,"Georgia, USA"
14,Free Hanseatic City of Bremen
15,"Milwaukee, WI"
16,NorCal
17,"Richmond, KY"
18,Midwest United States
19,"New Orleans, Louisiana."
20,"Maine, USA"
21,the zoo
22,Utopia‚Ñ¢
23,South Carolina‚ù§Ô∏è
24,"Pittsburgh, PA"
25,"Bintulu, Sarawak"
26,"Lafayette, CO"
27,"Milwaukee, WI"
28,"Overland Park, KS"
29,"odenton, md"
30,"San Mateo County, California"
31,The Universe
32,"Caro, MI"
33,"Huntington Beach, CA"
34,"Hetauda, Nepal"
35,US
36,United States
37,USA
38,"Washington, DC"
39,New Zealand
40,"Philadelphia, PA"
41,VA
42,Macedonian Content Farmer 
43,"Washington, DC"
44,NEO
45,"Nashville, TN"
46,Oman
47,"Detroit, MI "
48,"Wrightwood, CA"
49,Nagpur
50,"Toronto, Ontario Canada"
51,"San Luis Obispo, CA"
52,Mississippi
53,"Central Okanagan, British Columbia"
54,Barcelona Spain
55,New Jersey
56,Michigan
57,Jamaica
58,"Erlanger, KY"
59,United States
60,"Corinth, MS"
61,"Anand, India"
62,luke 1:37 / proverbs 31:25 üå∫
63,Malaysia üá≤üáæ
64,Land of the Sufis
65,"Philadelphia, PA"
66,London
67,"Galveston, TX"
68,"Arizona, USA"
69,"Wrightwood, CA"
70,"Indiana, USA"
71,"Toronto, Ontario"
72,Sports Purgatory
73,"Boulder, CO"
74,"Hudson Valley, New York"
75,"Tempe, AZ"
76,GA
77,"Chicago, IL"
78,Brisbane
79,"Norfolk, VA"
80,"San Diego, CA"
81,NorCal
82,"Canutillo, TX"
83,"Kakistocracy, here there tither and yon"
84,"Oregon, USA"
85,"Lyon, France"
86,Toronto
87,"Harrisburg, PA"
88,The United States of America
89,https://gab.com/Neeto_Heeto
90,GA
91,Malaysia
92,"Manchester, NH"
93,"Berkeley, CA"
94,"Ontario, Canada"
95,Northern Illinois
96,"Ann Arbor, MI"
97,"Omaha, NE"
98,"Ottawa, Canada"
99,"Texas, USA"
100,FL/VZLA
101,"Tempe, AZ"
102,Los Angeles
103,United States
104,Planet Earth
105,"Pennsylvania, USA"
106,"Columbus, OH"
107,Australia
108,"Salem, MO"
109,"Wrightwood, CA"
110,"odenton, md"
111,"Houston, TX"
112,Mister Rogers‚Äô Neighborhood
113,"Auburn, MA"
114,"Behind you, USA"
115,"New Jersey, USA"
116,"Perris, California"
117,A2 ‚úàÔ∏è Cali
118,"Arlington, VA"
119,Hell
120,"Colorado, CO"
121,peace
122,"Toronto, Ontario"
123,NYC
124,"Little Rock, AR"
125,"Nazareth, PA"
126,"Tempe, AZ"
127,"Shreveport, LA"
128,"San Antonio, TX"
129,The hills of TN
130,Michigan
131,"Maryland, USA"
132,"Louisiana ‚úàÔ∏è Santa Cruz, CA"
133,"Sacramento, CA"
134,"Texas, USA"
135,Cincinnati 
136,out west
137,San Francisco
138,United States
139,NFA
140,PHLüë£NYC
141,"Hobart, Tasmania"
142,"Mobile, AL"
143,Davao Region
144,"Cyberspace, baby!"
145,US
146,"Bossier City, LA"
147,Pacific Northwest
148,United States
149,California
150,2600
151,"Virginia, USA"
152,"Manhattan, Kansas"
153,"South Carolina, USA"
154,"British Columbia, Canada"
155,United States
156,"Manhattan, NY"
157,"Trivandrum, India"
158,US
159,"Ottawa, Ontario"
160,London and around the world
161,Pale blue dot 
162,"Behind you, USA"
163,The Great USA 
164,"Berkeley, CA"
165,"Sacramento, CA"
166,"Michigan, USA"
167,"BBR, Klang."
168,"Scottsdale, AZ"
169,"chicago, il"
170,"East Denpasar, Indonesia"
171,"Tempe, AZ"
172,"Western Wyoming, USA"
173,Everett Washington USA
174,US
175,Chilling like a villian
176,"Miami , FL"
177,"Toronto, ON"
178,US
179,Indiana
180,Everywhere
181,Baltimore to Pa USA
182,"New York, NY"
183,"El Granada, CA"
184,US
185,"Red Creek, NY"
186,"Houston, TX (and well beyond)"
187,"Otisville, MI"
188,"Curitiba, Brasil"
189,"California, USA"
190,Rural New Zealand
191,"Freedom, USA"
192,"Austin, TX"
193,"Mid-Atlantic, USA"
194,"Balaclava, Melbourne"
195,chicago
196,Ride or die
197,NARnia
198,Everywhere you want to be.
199,"Oklahoma, USA"
200,Malaysia
201,„Ö§„Ö§„Ö§„Ö§
202,World Wide
203,TEXAS
204,she/her/hers
205,chicago
206,"Santa Fe, NM"
207,Oak Harbor WA
208,United States
209,"Skaneateles, NY"
210,PG
211,"Dallas, Texas, USA"
212,"Tucson, AZ"
213,U.S.A.
214,Coastal Elite 
215,OLY
216,trans
217,"Hamilton, Ontario"
218,Canada
219,"Brooklyn, NY (they/them only)"
220,"Missouri, USA"
221,"Bethel Park, PA"
222,JP
223,"Savannah, GA "
224,Closer than you'd imagine
225,Sebelahnya galaksi bimasakti
226,"Michigan, USA"
227,"Atlanta, GA"
228,"Texas, USA"
229,Australia
230,Kentucky
231,Ride or die
232,"New Brunswick, Canada"
233,CT River Valley USA
234,215
235,Canada
236,US
237,Los Angeles/ Ibiza / Germany/
238,World
239,"Mesa, Arizona (USA)"
240,"Rancho Cucamonga, CA"
241,AZ
242,"Moreno Valley, CA"
243,Global Village
244,US
245,"DeKalb, IL"
246,Los Angeles
247,College Station | HTX 
248,"Toronto, Ontario"
249,"Rancho Cucamonga, CA"
250,"California, USA"
251,"Bowling Green, KY"
252,New York City
253,"Washington, USA"
254,US
255,"San Francisco, CA"
256,illinois
257,"Las Vegas, NV"
258,"Rochester, MN"
259,"Fresno, CA"
260,"Pennsylvania, USA"
261,"Russellville, Alabama"
262,"Alpharetta, GA"
263,in a fictional land
264,That ‚ÄúDangerous‚Äù Neighborhood
265,"41,000 ft"
266,San Francisco
267,Western North Carolina
268,"St Louis, Missouri"
269,Republic of Maharlika
270,w
271,"Barnstable Town, MA"
272,bay area
273,"Washington, USA"
274,"Texas, USA"
275,"Georgia, USA"
276,"Los Angeles, CA"
277,"Tampa, FL"
278,"Coquitlam, British Columbia"
279,kileysmileyk@gmail.com
280,"Chicago, IL"
281,United States
282,"Washington, DC"
283,"North Dakota, USA"
284,US
285,"Nashville, TN"
286,"Davis, CA"
287,"Wrightwood, CA"
288,NJ | NYC | Paris | SF | WY
289,"Lima, Peru"
290,USA
291,US
292,"Charlotte, NC"
293,US
294,"San Diego, CA"
295,"North Carolina, USA"
296,"Paramount, CA"
297,"Atlanta, Georgia"
298,"West Virginia, USA"
299,Texas
300,"Toronto, Ontario"
301,"Barnstable Town, MA"
302,"Chicago, IL"
303,Still Above Ground
304,U.S.A.
305,God's country= The USofA   
306,Florida‚òÄÔ∏è
307,Minneapolis
308,"Salt Lake City, Utah"
309,United States
310,US
311,"Victoria, British Columbia"
312,"Toronto, Ontario"
313,"Canandaigua, NY"
314,Malaysia & Singapore
315,"Louisiana, New Orleans"
316,United States
317,US
318,"Baltimore, MD"
319,"in Florence, Italy ‚ù§Ô∏èüíôüíúüíöüíõ"
320,"California, USA"
321,US
322,Houston
323,"Indiana, USA"
324,"Tempe, AZ"
325,United Statesüá∫üá∏üá∫üá∏üá∫üá∏
326,"Tempe, AZ"
327,New York
328,"Tucson, AZ"
329,US
330,K‚Äôjipuktuk/Halifax 
331,"Colorado Springs, CO"
332,Chandigarh
333,"Butuan City, Caraga"
334,Virginia
335,selangor-perak-pahang
336,MY
337,The great white north...
338,US
339,"Edmonds, WA"
340,Arizona 
341,United States
342,"Chicago, IL"
343,"Indianapolis, IN"
344,U.S.A.
345,"Goi√¢nia, Goi√°s, Brazil"
346,"Tempe, AZ"
347,"Atlanta, GA"
348,"California, USA"
349,"berlin, germany"
350,"San Marcos, TX"
351,"Illinois, USA"
352,"State College, PA"
353,"East Region, Singapore"
354,"New York, NY"
355,HydroMolecularMed 993 120-5833
356,"Normal, IL"
357,Etx
358,nj / bos
359,"Windsor,Ontario"
360,"California, USA"
361,United States
362, 
363,uiowa
364,"Alabama, USA"
365,"North Carolina, USA"
366,#YEG
367,"Pug Town, USA"
368,United States
369,"41,000 ft"
370,"Tempe, AZ"
371,"Santa Fe, NM"
372,Troy
373,"Texas, USA"
374,"Raleigh, NC"
375,America
376,Best Coast
377,"North Chesterfield, VA"
378,"Gilbert, AZ"
379,"Kensington, Maryland 20895"
380,"Elizabeth City, NC"
381,"Ohio, USA"
382,Canada
383,"Fair Haven, MI"
384,"Fort Worth, TX"
385,"Maui, HI"
386,"Florida, USA"
387,United States
388,US
389,"Fargo, ND"
390,Michigan
391,"Aledo, IL"
392,US
393,United States
394,"Portland, OR"
395,Canada
396,"Coloma, MI"
397,"Austin, TX"
398,"Athens, GA  + Franklin, TN"
399,a Chinese buffet...probably
400,US
401,"Arlington, TX"
402,"Laurinburg, NC"
403,London ON
404,270‚úàÔ∏è317 
405,"Arkansas, USA"
406,"Buffalo, NY"
407,stream trench
408,"Rochester, NY"
409,New York
410,"chicago,il"
411,"Doaneland, USA"
412,TX
413,Brooklyn NY
414,"Georgia, USA"
415,Location is an illusion
416, alberta üá®üá¶
417,"Sydney, New South Wales"
418,"Ottawa, Ontario, Canada"
419,"Atlanta, GA"
420,"aviano, italy // mercedes, tx"
421,"Ulu Kelang, Selangor"
422,Detroit
423,"Wrightwood, CA"
424,"osaka, jp"
425,Los Angeles
426,"Clearfield, UT"
427,"Texas, USA"
428,WNY
429,"Ottawa, Ontario, Canada"
430,"Mississauga, Ontario"
431,Boston adjacent
432,"New Jersey, USA"
433,"Elizabeth, NJ"
434,New Zealand
435,United States
436,in another atmosphere 
437,Kuantan
438,"Tennessee, USA"
439,"Chetwynd, British Columbia. "
440,she/her they/them
441,Indonesia
442,East of Mississippi
443,jersey
444,Utopia
445,"Salt Lake City, UT"
446,Middle East
447,"Saint John, NB"
448,"Louisville, Ky"
449,"41¬∞ 50‚Ä≤ 43‚Ä≥ N, 71¬∞ 35‚Ä≤ 28‚Ä≥ W"
450,"Salt Lake City, Utah"
451,he/him
452,"Texas, USA"
453,www.lauralarue.com
454,Canada
455,"Georgia, USA"
456,"Nebraska, USA"
457,idaho
458,"Tucson, AZ"
459,"Kjipuktuk/Dartmouth, NS"
460,Shah Alam
461,"Boston, MA"
462,"Portland, OR"
463,"Englewood,Colorado"
464,"Woodbridge, VA USA"
465,lexington ky
466,"Boston, MA"
467,Indianapolis//Paris/NYC
468,"Norristown, PA"
469,"California, USA"
470,"Florida, USA"
471,Come on Feel the Illinoise
472,California
473,United States
474,"Virginia, USA"
475,"Texas, USA"
476,"Central Okanagan, British Columbia"
477,"Wrightwood, CA"
478,Texas
479,"Tucson, Arizona "
480,"Manhattan, NY üóΩ"
481,Chicago area
482,"Denver, Colorado"
483,United States
484,"Texas, USA"
485,"Webster, NY"
486,"Lubbock, TX"
487,"Salt Lake City, UT"
488,US
489,Federated States of Micronesia
490,Chicago area
491,"Indiana, USA"
492,Houston
493,"Toronto, Ontario"
494,"Livermore, CA"
495,Philippines
496,"Mountain View, CA"
497,greasy creek/tellico plains
498,Chattanooga
499,"Washington, DC"
500,A Place In My Mind
501,"New Mexico, USA"
502,"Swampscott, MA"
503,The OC
504,"Chicago, IL"
505,Silicon Valley
506,New Zealand
507,"Spokane, Washington"
508,western N.Y.
509,"Salt Lake City, Utah"
510,"Wichita Falls, Texas"
511,SF
512,"Wrightwood, CA"
513,"Mississauga, Ontario"
514,üëΩ
515,"Slayton, MN. 56172"
516,United States
517,"Halifax, Nova Scotia"
518,Central Virginia
519,Planet Erf
520,"Stillwater, OK"
521,my head
522,Blue dot in a Red state 
523,"Connecticut, USA"
524,UCF
525,"Wisconsin, USA"
526,America
527,#NETX
528,Hell
529,"Ohio, USA"
530,"New York, NY"
531,hiding on Pluto
532,"Riceville, Iowa"
533,"Oklahoma City, OK"
534,"Bogor, Jawa Barat"
535,"Manhattan, NY"
536,Bangalore
537,"Toronto, Ontario"
538,"Oklahoma City, OK"
539,"Omaha, NE"
540,"Texas, USA"
541,"Bellingham, WA"
542,"Columbus, OH"
543,"Seattle, WA"
544,"Washington, USA"
545,"Columbus, OH"
546,Dark Side of the Moon
547,US
548,USA
549,Toronto
550,"Washington, USA"
551,space time 
552,"North Carolina, USA"
553,"Oklahoma City, OK"
554,"Webster, NY"
555,boston
556,"here, there, everywhere"
557,US
558,"Yaggera Land (Brisbane, AU)"
559,"Custer County, Nebraska "
560,United States
561,"Washington, DC"
562,"Idaho, USA"
563,Los Angeles
564,Rep. Dominicana
565,"Distrito Federal, M√©xico"
566,United States
567,"Tempe, AZ"
568,"Gatineau, Qu√©bec"
569,Apple valley ca
570,"Chertsey, South East"
571,"Harrisburg, PA"
572,NYC - Boston - Chicago - SF
573,Illinois
574,"Montana, USA"
575,Canada
576,Colorado
577,"Providence, RI"
578,United States
579,"Toronto, Ontario"
580,"San Francisco, CA"
581,"Milwaukee, WI"
582,"Elizabeth, NJ"
583,New Lebanon
584,"New York, NY"
585,TORONTO ‚Ä¢ CANADA
586,"Indianapolis, IN"
587,"Houston, TX"
588,US
589,Washington
590,WI/ WV
591,"Cornell University, University of Toronto"
592,"Tucson, AZ"
593,United States
594,Illinois
595,Zebulon
596,"Kansas City, MO"
597,"Ellicottville, NY"
598,"Texas, USA"
599,ÈπøÂÖêÂ≥∂
600,UK and the Philippines
601,ARCTIC
602,SOMEWHERE IN TIME. USA
603,"New York, USA"
604,"Washington, DC"
605,", NJ"
606,"Lafayette, LA"
607,"Columbus, OH"
608,"Denver, CO"
609,Bowling Green Ky
610,"Dallas, TX"
611,"Columbus, Ohio"
612,Minnesota 
613,United States
614,"Wolcott, CT"
615,"NoVA, USA"
616,"Brooklyn, NY"
617,"Vincy|| Boston, MA"
618,Denver
619,"Texas, USA"
620,"boston, ma & lbts, fl"
621,"Labelle, FL"
622,"Lafayette, LA"
623,"South Carolina, USA"
624,Denver
625,"Illinois, USA"
626,"Bostonish, MA"
627,Perak-Petaling Jaya-Makkah ‚úà‚úà‚úà
628,"California, USA"
629,"New Jersey, USA"
630,?
631,aurora co 
632,"Texas, USA"
633,"Washington, DC"
634,"Santa Clara, CA"
635,"Costa Mesa, CA"
636,"Houston, Texas"
637,"Atlanta, GA"
638,"Portland, OR"
639,"El Monte, CA"
640,"Huntington Beach, CA"
641,"Westminster, CO"
642,"Virginia, USA"
643,nyc.347
644,"Winnipeg, Manitoba"
645,"Rochdale, England"
646,Indonesia
647,"Oshawa, Ontario"
648,"Newtown Square, PA"
649,"Apex, NC"
650,washington dc
651,St. Anthony ‚ù§
652,CLE 
653,Kadohadacho Caddoan Land
654,Hill Country-Texas
655,"Central Java, Indonesia"
656,"California, USA"
657,Fly Over Nation
658,"Washington, DC"
659,hell
660,"Asbury Park, NJ"
661,"London, Sverige & China "
662,Lincoln Nebraska
663,I unfollow if you do!  NO List
664,"Islamabad, Pakistan"
665,Jakarta üáÆüá©
666,"Richmond, VA"
667,"New York, USA"
668,"Reno, "
669,"Montreal, Canadia"
670,"Dublin City, Ireland"
671,"Arkansas, United States"
672,Utopia
673,Yogyakarta
674,"Bakersfield, CA"
675,Shah Alam
676,Child of the most high GOD
677,Yellow City
678,"Fayetteville, GA"
679,Los Angeles
680,"Cleveland, TN"
681,"Cincinnati, OH"
682,"Finch Hatton, QLD"
683,New York/Bengaluru
684,üá≤üáΩ
685,"Eureka, CA"
686,"Blair, NE"
687,"New York, NY"
688,"Boston, MA"
689,AZ
690,"NoVA, USA"
691,Earth
692,"Minneapolis, MN"
693,"Vinings, GA"
694,„Åï„ÇÄ„ÅÑ„Å®„Åì
695,"Batesville, AR"
696,Team USA
697,"Kalaoa, HI"
698,OZ
699,manchester
700,Just me and myself
701,North Jersey
702,"Ohio, USA"
703,USA
704,beyond the scope of normalcy
705,Los Angeles
706,"Tipp City, OH"
707,"Columbus, OH"
708,"Maryland, USA"
709,"San Diego, CA"
710,"Maryland, USA"
711,Middle Tennessee
712,S√£o Luis
713,sih n mandy üíó
714,America
715,"Los Angeles, CA"
716,"Kuala Lumpur, Wilayah Persekut"
717,"Baton Rouge, LA"
718,Merica
719,"Burr Ridge, IL"
720,"Vail, CO"
721,The Lost City of Atlantis
722,Texas
723,"Waterloo, IA"
724,"Riverside, CA"
725,"Wichita, KS"
726,"Toledo, OH"
727,"Arizona, USA"
728,Earth
729,DC/AL
730,Canada
731,Penn State
732,"Bryan, TX"
733,"Port Place, Nanaimo, BC"
734,California
735,"Rockford, IL"
736,"Washington, DC"
737,occupied Lenape territory
738,Western N.Y 
739,illinois wesleyan university
740,"St Joseph, MO"
741,Long Beach
742,Honduras
743,Norfolk
744,"Houston, TX"
745,"King County, Washington, USA"
746,"Washington, DC"
747,"St Peter, MN"
748,"Wichita, Kansas"
749,Florida
750,"Los Angeles, CA"
751,"Tallahassee, FL"
752,"Alberta, Canada"
753,"God's Heart, Throne Room"
754,"Tallahassee, FL"
755,World
756,World
757,"Tallahassee, FL"
758,Scotland
759,"Georgia, USA"
760,"Pennsylvania, USA"
761,"Nova Scotia, Canada"
762,Ôø£_„ÇùÔø£)ÔæâÂ§öÊë©Â∑ù„Å®Áõ∏Ê®°Êπæ„ÅÆÁã≠Èñì
763,"iPhone: 37.894020,-122.484962"
764,"Kings Park, NY"
765,"Florida, USA"
766,Wales
767,"Los Angeles, California"
768,Eldorado
769,"Overland Park, KS"
770,"Ohio, USA"
771,"Louisville, Kentucky"
772,"Liaoning, People's Republic of China"
773,"Shepherdstown, WV"
774,Waco
775,"Florida, USA"
776,ASEAN 
777,"Pennsylvania, USA"
778,"Boise, ID"
779,IHOP
780,Los Angeles
781,"Florida, USA"
782,"Nevada, USA"
783,"Englewood,Colorado"
784,"Houston, TX (and well beyond)"
785,"New Orleans, Baton Rouge"
786,"San Francisco, CA"
787,Cleveland middle and high schools
788,Netherlands
789,"Putrajaya, Putrajaya Federal Territory"
790,U of North Carolina
791,Lives on Earth
792,Pullman
793,"Lyndhurst, OH"
794,"Winnipeg, Manitoba"
795,"El Paso, TX"
796,Singapore
797,Long Island
798,"Ashland, OR, USA"
799,"Belmont, NC"
800,"Columbus, OH"
801,"Illinois, USA"
802,"Galveston, TX"
803,ssamelpan@gmail.com
804,"London, Airstrip One (Oceania)"
805,"California, USA"
806,Clt
807,Out here slangin dick
808,Baton Rouge LA
809,United States
810,"Temecula, CA"
811,"(Conway, Arkansas)"
812,"Corpus Christi, TX"
813,"South Carolina, USA"
814,"Palo Alto, CA"
815,"Houston, TX"
816,"Brooklyn Center, MN"
817,"Massachusetts, USA"
818,"Florian√≥polis, Brasil"
819,rabat
820,Los Angeles
821,United States
822,"Hackensack, NJ"
823,"Omaha, NE"
824,my joints are unlit
825,Toronto
826,Albuquerque
827,"Mississauga, Ontario"
828,"Port Clinton, OH"
829,"Portland, Oregon"
830,texas
831,"Research Triangle Park, NC"
832,"Ashland, OR, USA"
833,"Salt Lake City, Utah"
834,san francisco
835,"Austin, TX"
836,"Indiana, US"
837,"Alberta, Canada"
838,St. Augustine FL
839,United States
840,"Menomonee Falls, WI"
841,"Fort Myers, FL"
842,"Houston, TX, USA"
843,"Ohio, USA"
844,Broken Hill - Toowoomba
845,"Minneapolis, MN"
846,501.
847,"Oklahoma, USA"
848,"San Diego, CA"
849,crying with alma at csub
850,"Portland, OR"
851,Laois
852,USA
853,USA
854,The greatest country on Earth
855,"Home@surrey,bc"
856,"Annapolis, MD"
857,United States
858,United States
859,"Columbus, GA"
860,"Olathe, KS"
861,"San Antonio, TX"
862,"Dallas, TX"
863,Ind
864,Grey Sloan Memorial 
865,"Portland, OR"
866,Global
867,#Cleveland #Ohio  
868,Vallbhipur Gujrat India
869,USA
870,"⁄à€åÿ±€Å ÿ∫ÿßÿ≤€å ÿÆÿßŸÜ, Ÿæÿß⁄©ÿ≥ÿ™ÿßŸÜ"
871,"Bridge City, TX"
872,"Virginia Beach, VA"
873,kuala lumpur
874,"Irvine, CA"
875,"Los Angeles, CA"
876,"Omaha, Neb"
877,"Golconda, il"
878,Eastern Washington
879,Somewhere In The Woods
880,"Warwick, RI"
881,In Someone's Basement
882,West Virginia
883,Eastern Washington
884,"Brooklyn,NY"
885,"Cedar Falls, Iowa"
886,"Denver, CO"
887,"Red Lake, ON via NB and AB"
888,earth
889,United States
890,schr√∂diger's cat's box
891,"Stockton, California"
892,"New Haven, CT"
893,8th Circle of Hell 
894,"Denver, CO"
895,Houston
896,USA
897,"Nairobi,Kenya"
898,‰∏≠ÂõΩÊù≠Â∑û
899,exo twice 
900,Maine
901,"Toledo, OH"
902,wadu
903,United States
904,"Manila, Philippines"
905,"Boston, MA, USA"
906,"New Orleans, LA"
907,Colombia
908,bitch I'm not friendly
909,philly
910,"√úT: 32.336484,-110.984166"
911,"New Orleans, LA"
912,"Chicago, IL"
913,401
914," New Orleans LA, Jackson, MS"
915,"Oneida, TN"
916,Toronto
917,New York City
918,"Los Angeles, CA"
919,your backyard
920,"Kampala, Uganda"
921,"Albuquerque, NM"
922,"Overland Park, KS"
923,Georgia
924,"Tyler, TX"
925,401
926,"Montrose, Houston TX"
927,"Overland Park, KS"
928,"White Bear Lake, MN"
929,Toronto
930,United States
931,FL
932,"Kentucky, USA"
933,"Cape Coral, FL"
934,Petaling Jaya
935,looking at the sky somewhere
936,"Âè∞ÂåóÂ∏Ç, Âè∞ÁÅ£"
937,Miami 
938,Oklahoma
939,"Greenup, KY"
940, Indianapolis IN
941,United States
942,"lapta, kyrenia, north cyprus"
943,"Lansing, MI"
944,"Kingston, ON"
945,"Spokane, WA"
946,434 
947,"Charlotte, NC"
948,Q Sent Me ‚≠ê‚≠ê‚≠êTx Patriot! 
949,#USMC #Texas #UNT #ThePoint
950,"Santiago, Chile"
951,"Huntsville, AL"
952,5sos & bts
953,"SJ, C a l i f o r n i a ‚ô°"
954,"Tucson, AZ"
955,On a Mission
956,"Clermont, FL"
957,"Kansas City, MO"
958,"lexington, kentucky. "
959,Los Angeles
960,"Tucson, AZ"
961,"Bloomington, IN"
962,"North Carolina, USA"
963,"Oakland, CA"
964,"Lake St Louis, MO"
965,Tennessee
966,where do you think?
967,"PA, USA"
968,SE of Seattle WA
969,"Miami, FL"
970,"San Mateo County, California"
971,SoCal ... via TX
972,Bay Area
973,"Plano, TX"
974,"Detroit, MI"
975,"Washington Heights, New York"
976,"Kansas, USA"
977,üåè
978,"Minnesota, USA"
979,"Waunakee, WI"
980,United States of America
981,Earth
982,"Windsor, Ontario"
983,Ulaanbaatar and Afghanistan
984,"Nashville, TN"
985,"Eugene, OR"
986,Canada
987,"West Monroe, LA"
988,Kuala Lumpur
989,"Noida, India"
990,Trap house 
991,"San Mateo County, California"
992,"Los Angeles, CA"
993,"Boston, MA"
994,NYC
995,"Missouri, USA"
996,Wellington
997,United Kingdom
998,Ulaanbaatar and Afghanistan
999,World
1000,"Boston, MA"
1001,Bay Area 
1002,Oklahoma
1003,United States
1004,"Arkansas, USA"
1005,"Bethesda, MD"
1006,Team PijaSUN üå∫
1007,"Little Rock, Arkansas"
1008,"Escondido, CA"
1009,"Chicago, IL"
1010,"Chicago, IL"
1011,"Alexandria, VA"
1012,Going placesüç¶
1013,United States
1014,Earth-616
1015,üïäÔ∏è #SpiritOfAmerica üá∫üá∏
1016,phils.
1017,üïäÔ∏è #SpiritOfAmerica üá∫üá∏
1018,üïäÔ∏è #SpiritOfAmerica üá∫üá∏
1019,United States
1020,New York City
1021,üïäÔ∏è #SpiritOfAmerica üá∫üá∏
1022,üïäÔ∏è #SpiritOfAmerica üá∫üá∏
1023,Knoxville
1024,üïäÔ∏è #SpiritOfAmerica üá∫üá∏
1025,"Minneapolis, MN"
1026,üïäÔ∏è #SpiritOfAmerica üá∫üá∏
1027,"Ontario, Canada"
1028,üïäÔ∏è #SpiritOfAmerica üá∫üá∏
1029,Minnesota
1030,"Michigan, USA"
1031,Texas
1032,"Charlotte, NC"
1033,gone
1034,New Zealand
1035,"Brisbane, Australia"
1036,Caracas
1037,"Strathcona County, Alberta"
1038,"Inglewood, CA"
1039,Pinetown
1040,"Mesquite, TX"
1041,Southern USA
1042,√ºberburbs¬© of Philadelphia
1043,"Maryland, USA"
1044,"Blackburn South, Melbourne"
1045,Wellington
1046,"Chur-chur, Aotearoa"
1047,"dallas, texas"
1048,"Koronadal, Philippines"
1049,United States
1050,"Illinois, USA"
1051,"Tarrytown, NY"
1052,"Florida, USA"
1053,"San Mateo County, California"
1054,Somewhere I belong
1055,"Austin, TX"
1056,"Ohio, USA"
1057,OhiO
1058,jersey
1059,"Winnipeg, MB, Canada"
1060,"Los Angeles, CA"
1061,United States
1062,"Fayetteville, GA"
1063,Atlantafornia 
1064,"Villa Park, IL"
1065,"Chicago, IL"
1066,"dallas, texas"
1067,"Pembroke, NC"
1068,Los Angeles
1069,SMtown
1070,New York
1071,"Toronto, ON"
1072,"Naples, FL"
1073,"Elizabethtown, Ontario"
1074,"Auckland, New Zealand"
1075,"427 31W Bypass STE. 203 BG, KY"
1076,"Los Angeles, CA"
1077,"Seattle, WA"
1078,Philippeville
1079,"Halifax, Nova Scotia"
1080,Simco mountain : RANGE 
1081,Epic Gamer Headquarters
1082,"Atlanta, GA"
1083,"Connecticut, USA"
1084,"Fresno, CA"
1085,"Norman, OK"
1086,"Houston, TX (and well beyond)"
1087,Mississippi Lake Ontario
1088,"Orlando, FL"
1089,"Salt Lake City, UT"
1090,"Baton Rouge, LA"
1091,Barbados
1092,"Brandenburg, KY"
1093,West Burgershire
1094,UAlbany
1095,i'm lost and my phones battery is on 5%
1096,GLOBAL
1097,"Rural Retreat, VA"
1098,"Charlotte, NC"
1099,GLOBAL
1100,"New York, NY"
1101,Ireland
1102,"Seattle, WA, Cascadia"
1103,"Manhattan, NY"
1104,ohio
1105,TX
1106,"Seattle, WA"
1107,"San Diego, CA"
1108,Cincinnati Ohio
1109,"Bristol, TN"
1110,"Toronto, Ontario"
1111,"Seattle, WA"
1112,Avenue of the (not) Righteous
1113,Teku Benga
1114,"Baltimore, MD"
1115,Seattle Grace Hospital
1116,Roaming
1117,CLE
1118,Middle America
1119,"Raleigh, NC"
1120,New OrleansÓÅä
1121,"Index, WA "
1122,"Pittsburgh, PA"
1123,West Coast
1124,Charlotte 
1125,"Iligan City, Northern Mindanao"
1126,USA
1127,"Greenfield, IN"
1128,"Kuala Lumpur City, Kuala Lumpu"
1129,"Louisville, KY"
1130,"Onarga Falls, Illinois"
1131,"Manhattan, NY"
1132,Goldilocks Zone
1133,Bull City
1134,Malaysia
1135,St Louis MO
1136,usa
1137,Soro‚Äôs guest house
1138,Los Angeles
1139,Long Island. NY
1140,"Hilo, Hawaii"
1141,Boston
1142,"Fredericksburg, VA"
1143,17 | #blacklivesmatter 
1144,MY
1145,"Colorado, Texas, Georgia, NY/NJ"
1146,"Baltimore, MD"
1147,Colorado
1148,Northern New Jersey
1149,"Oporto, Portugal"
1150,"Atlanta, GA"
1151,Boston 
1152,Kazakhstan
1153,"New Delhi, India"
1154,"Oakville, Ontario, Canada"
1155,"Baltimore, MD"
1156,twitter
1157,California
1158,twitter
1159,Brazil
1160,"Oregon, USA"
1161,ÎåÄÌïúÎØºÍµ≠
1162,"39,000 ft"
1163,"Massachusetts, USA"
1164,"New York, USA"
1165,"Twin Cities, Minnesota"
1166,Wherever the tacos are
1167,"England, United Kingdom"
1168,"Colleyville, TX"
1169,"Ontario, Canada"
1170,"√úT: -22.900666,-43.120187"
1171,ICU 
1172,"Germantown, MD"
1173,South Australia
1174,"Chicago, IL"
1175,Indianapolis area
1176,"Pennsylvania, USA"
1177,203
1178,"Santa Monica, CA"
1179,"≈åtautahi, Aotearoa"
1180,"√úT: -22.900666,-43.120187"
1181,"Charlotte, NC"
1182,"Fort Lauderdale, FL"
1183,"Charlotte, NC"
1184,"Stockton, CA"
1185,"Cincinnati, OH"
1186,"Queens, New York"
1187,"Birmingham, AL"
1188,"Houston, TX"
1189,"Sydney, Australia"
1190,PLANET EARTH
1191,United States
1192,"Louisiana, USA"
1193,trying to kill the moon
1194,On a Mission
1195,"Tulsa, Oklahoma"
1196,"New Delhi, India"
1197,üáπüáπ
1198,Seattle
1199,"Orange County, CA"
1200,"Naples, FL"
1201,"Tampa, Florida"
1202,Chicago
1203,United States
1204,tokyo
1205,"New Delhi, India"
1206,Florida
1207,"Scotland, United Kingdom"
1208,Lake Ballinger
1209,"Texas, USA"
1210,Madinah üïå
1211,"Denver, Colorado, USA"
1212,El Paso
1213,World
1214,"New York, NY"
1215,USA
1216,"Sydney, New South Wales"
1217,"North Carolina, USA"
1218,"California, USA"
1219,United States
1220,Malaysia
1221,New Brunswick
1222,"California, USA"
1223,"Modesto, CA"
1224,Ct
1225,"Seattle, Washington, USA"
1226,Trinidad
1227,"Michigan, USA"
1228,"New Delhi, India"
1229,"Sacramento, CA"
1230,"Middleton, NS"
1231,"Kentucky, USA"
1232,"Washington, DC"
1233,Maryland
1234,GLOBAL
1235,New Zealand
1236,"Boulder, CO"
1237,Atlantis
1238,"New Delhi, India"
1239,Malaysia
1240,"Bengaluru, India"
1241,"Diamond Bar, CA"
1242,"Austin, Texas"
1243,"Charlotte, NC"
1244,"Orlando, FL"
1245,United States
1246,The S.S. Shambles
1247,LBK
1248,"Michigan, USA"
1249,717
1250,Total Universe
1251,Ashland
1252,"Virginia, USA"
1253,‚ú™The United States Of America‚ú™
1254,"McKinney, TX"
1255,"New York, USA"
1256,"Austin, TX"
1257,NYC
1258,United States
1259,"Orlando, FL"
1260,Los Angeles
1261,"Fort Worth, TX"
1262,"Chicago, IL"
1263,"Antwerpen, Belgi√´"
1264,brooklyn
1265,"Toronto, Ontario"
1266,United States
1267,"Boston, MA"
1268,Wallumedegal Country
1269,"Florida, USA"
1270,AZ
1271,Okla
1272,Madinah üïå
1273,"Toronto, Ontario"
1274,jigoku
1275,"cbus
"
1276,somewhere else
1277,"Fort Worth, TX"
1278,some hell hole
1279,Mackay
1280,716
1281,United States
1282,Edinburg Texas
1283,Minnesota
1284,Mackay
1285,"Belmont, NC"
1286,Ontario
1287,"Bogot√°, D.C., Colombia"
1288,"DeLand, Ormond, Daytona Beach, Port Orange, Ponce Inlet"
1289,United States
1290,"Sulphur, LA"
1291,Probably in bed üõè 
1292,"Johor Bahru, Johor"
1293,Ottawa
1294,"Belle Chasse, LA"
1295,"Texas, USA"
1296,Instagram @dreams_4_sale 
1297,"Philadelphia, PA"
1298,"Charlotte, NC"
1299,"Kearney, NE"
1300,Devil's Triangle ‚ò†
1301,"Michigan, USA"
1302,New England
1303,yorkshire
1304,MY
1305,"U.S. West Coast, Alameda CA"
1306,"Tatamagouche, Nova Scotia"
1307,New York
1308,D T X
1309,"New York, NY"
1310,"Hot Springs, AR"
1311,"Washington, DC"
1312,"Monroeville, AL"
1313,London
1314,"Hollywood , CA"
1315,"Provo, Utah. "
1316,los angeles
1317,"Sarasota, FL"
1318,"Washington Heights, New York"
1319,"La Jolla, San Diego"
1320,k-dramas
1321,"Sugar Land, TX"
1322,"Iowa, USA"
1323,US
1324,"Double Springs, AL"
1325,"Ile-de-France, France"
1326,west indiana
1327,Portland
1328,"Fort Stockton, TX"
1329,440
1330,üåè
1331,USA
1332,The REPUBLIC of Texas!
1333,"Peshawar, Pakistan"
1334,US
1335,https://twitter.com/nick_mrtikki3
1336,"Sacramento, CA"
1337,waterloo
1338,"Elmira, NY"
1339,"Texas, USA"
1340,"East Coast, USA"
1341,United States
1342,USA
1343,"Ile-de-France, France"
1344,WorldWide 
1345,"Minnesota, USA"
1346,"Arkansas, USA"
1347,"Philadelphia, PA, USA"
1348,Ohio valley
1349,United States
1350,United States
1351,Colorado
1352,"California, USA"
1353,Sheffield
1354,Sheffield
1355,Canada
1356,"Tulsa, OK"
1357,SoCal
1358,"Milwaukee, WI"
1359,Mister Rogers‚Äô Neighborhood
1360,‡∏°‡∏π‡πâ‡∏≠‡∏±‡∏á‡πÅ‡∏•‡∏ô‡∏î‡πå
1361,"Scarborough, Ontario, Canada"
1362,"deep ,in a command bunker"
1363,"Staten Island, NY"
1364,DET MI USA
1365,"√úT: 34.8282831,-82.6053906"
1366,"East Coast, USA"
1367,"Oceanside, CA"
1368,United States
1369,"Cincinnati,Ohio"
1370,"West Valley City, UT"
1371,"Selangor, Malaysia"
1372,HKG ‚úà NYC ‚úà LON ‚úà SYD
1373,PHLüë£NYC
1374,Legit greatest country~
1375,"Woodland, WA"
1376,"""You can't get rich in politics unless you're a crook."" ~ Harry S. Truman"
1377,UAA
1378,Australia
1379,United States
1380,"Tampa, FL"
1381,USA
1382,where the blacktop ends
1383,"Oakley, CA"
1384,"California, USA"
1385,"Washington, USA"
1386,Australia
1387,Australia
1388,my home
1389,"Illinois, USA"
1390,"California, USA"
1391,Twitmo üò¥ LA (Lower Alabama)
1392,United States
1393,ùöùùö°ùöù‚ù£Ô∏é
1394,sfüåà
1395,Minneapolis
1396,"Boston, MA"
1397, Carolyn's Heart
1398,"Texas, USA"
1399,"Indianapolis, IN"
1400,"Sacramento, CA"
1401,US
1402,Singapore
1403,"Buffalo, NY "
1404,TX
1405,NY Is a shithole
1406,"Dallas, TX"
1407,"Stanford, CA, USA"
1408,Ottawa
1409,Boston #MAGA #TWGRP 
1410,down the rabbit hole
1411,"Cloverdale, CA"
1412,In your dreams
1413,TX ‚úàÔ∏è LA üõ≥ Seven Seas 
1414,MS Gulf Coast
1415,http://www.drjohnbergman.com/
1416,Bedford
1417,USA
1418,Former Intel / World Traveller
1419,A cloud‚òÅÔ∏è
1420,"St Louis, MO"
1421,"New Trumpshire, USA"
1422,"Aquariusüåû, Leoüåö, ‚¨ÜÔ∏èGemini"
1423,"Puebla, M√©xico"
1424,Eastern Washington
1425,http://www.drjohnbergman.com/
1426,"Charlotte, North Carolina"
1427,"Middletown, NY"
1428,"Bay Area, CA"
1429,"Kingston, Ontario"
1430,"Monterrey, M√©xico"
1431,"Texas, USA"
1432,"Portland, OR"
1433,Bay Area
1434,United States
1435,"Washington, USA"
1436,"Illinois, USA"
1437,"Atlanta, GA"
1438,"Baltimore, MD"
1439,M√©xico
1440,"San Mateo County, California"
1441,"Peterborough, Ontario, Canada"
1442,"Bay Area, CA"
1443,Eastcoast
1444,"Phoenix, AZ"
1445,"Maine, USA"
1446,"Upstate New York, NY"
1447,"Framingham, MA"
1448,"Maine, USA"
1449,"Texas, USA"
1450,"(Conway, Arkansas)"
1451,Asses
1452,USA
1453,"Dallas, TX"
1454,"Melbourne, Victoria"
1455,"Bronx, NY"
1456,Iligan City
1457,United States
1458,serenity 
1459,california
1460,Broward
1461,"Detroit, MI"
1462,"Seaside, California, USA"
1463,my home
1464,"Seaside, California, USA"
1465,Base Hereford
1466,New Zealand
1467,SomeWhere over the Rainbow
1468,my home
1469,Ottawa
1470,"Georgia, USA"
1471,Free Hanseatic City of Bremen
1472,"Milwaukee, WI"
1473,NorCal
1474,"Richmond, KY"
1475,Midwest United States
1476,"New Orleans, Louisiana."
1477,"Maine, USA"
1478,the zoo
1479,Utopia‚Ñ¢
1480,South Carolina‚ù§Ô∏è
1481,"Pittsburgh, PA"
1482,"Bintulu, Sarawak"
1483,"Lafayette, CO"
1484,"Milwaukee, WI"
1485,"Overland Park, KS"
1486,"odenton, md"
1487,"San Mateo County, California"
1488,The Universe
1489,"Caro, MI"
1490,"Huntington Beach, CA"
1491,"Hetauda, Nepal"
1492,US
1493,United States
1494,USA
1495,"Washington, DC"
1496,New Zealand
1497,"Philadelphia, PA"
1498,VA
1499,Macedonian Content Farmer 
1500,"Washington, DC"
1501,NEO
1502,"Nashville, TN"
1503,Oman
1504,"Detroit, MI "
1505,"Wrightwood, CA"
1506,Nagpur
1507,"Toronto, Ontario Canada"
1508,"San Luis Obispo, CA"
1509,Mississippi
1510,"Central Okanagan, British Columbia"
1511,Barcelona Spain
1512,New Jersey
1513,Michigan
1514,Jamaica
1515,"Erlanger, KY"
1516,United States
1517,"Corinth, MS"
1518,"Anand, India"
1519,luke 1:37 / proverbs 31:25 üå∫
1520,Malaysia üá≤üáæ
1521,Land of the Sufis
1522,"Philadelphia, PA"
1523,London
1524,"Galveston, TX"
1525,"Arizona, USA"
1526,"Wrightwood, CA"
1527,"Indiana, USA"
1528,"Toronto, Ontario"
1529,Sports Purgatory
1530,"Boulder, CO"
1531,"Hudson Valley, New York"
1532,"Tempe, AZ"
1533,GA
1534,"Chicago, IL"
1535,Brisbane
1536,"Norfolk, VA"
1537,"San Diego, CA"
1538,NorCal
1539,"Canutillo, TX"
1540,"Kakistocracy, here there tither and yon"
1541,"Oregon, USA"
1542,"Lyon, France"
1543,Toronto
1544,"Harrisburg, PA"
1545,The United States of America
1546,https://gab.com/Neeto_Heeto
1547,GA
1548,Malaysia
1549,"Manchester, NH"
1550,"Berkeley, CA"
1551,"Ontario, Canada"
1552,Northern Illinois
1553,"Ann Arbor, MI"
1554,"Omaha, NE"
1555,"Ottawa, Canada"
1556,"Texas, USA"
1557,FL/VZLA
1558,"Tempe, AZ"
1559,Los Angeles
1560,United States
1561,Planet Earth
1562,"Pennsylvania, USA"
1563,"Columbus, OH"
1564,Australia
1565,"Salem, MO"
1566,USA
1567,"Wrightwood, CA"
1568,"odenton, md"
1569,"Houston, TX"
1570,Mister Rogers‚Äô Neighborhood
1571,"Auburn, MA"
1572,"Behind you, USA"
1573,"New Jersey, USA"
1574,"Perris, California"
1575,A2 ‚úàÔ∏è Cali
1576,"Arlington, VA"
1577,Hell
1578,"Colorado, CO"
1579,peace
1580,"Toronto, Ontario"
1581,NYC
1582,"Little Rock, AR"
1583,"Nazareth, PA"
1584,"Tempe, AZ"
1585,"Shreveport, LA"
1586,"San Antonio, TX"
1587,The hills of TN
1588,Michigan
1589,"Maryland, USA"
1590,"Louisiana ‚úàÔ∏è Santa Cruz, CA"
1591,"Sacramento, CA"
1592,"Texas, USA"
1593,Cincinnati 
1594,out west
1595,San Francisco
1596,United States
1597,NFA
1598,PHLüë£NYC
1599,"Hobart, Tasmania"
1600,"Mobile, AL"
1601,Davao Region
1602,"Cyberspace, baby!"
1603,US
1604,"Bossier City, LA"
1605,Pacific Northwest
1606,United States
1607,California
1608,2600
1609,"Virginia, USA"
1610,"Manhattan, Kansas"
1611,"South Carolina, USA"
1612,"British Columbia, Canada"
1613,United States
1614,"Manhattan, NY"
1615,"Trivandrum, India"
1616,US
1617,"Ottawa, Ontario"
1618,London and around the world
1619,Pale blue dot 
1620,"Behind you, USA"
1621,The Great USA 
1622,"Berkeley, CA"
1623,"Sacramento, CA"
1624,"Michigan, USA"
1625,"BBR, Klang."
1626,"Scottsdale, AZ"
1627,"chicago, il"
1628,"East Denpasar, Indonesia"
1629,"Tempe, AZ"
1630,"Western Wyoming, USA"
1631,Everett Washington USA
1632,US
1633,Chilling like a villian
1634,"Miami , FL"
1635,"Toronto, ON"
1636,US
1637,Indiana
1638,Everywhere
1639,Baltimore to Pa USA
1640,"New York, NY"
1641,"El Granada, CA"
1642,US
1643,"Red Creek, NY"
1644,"Houston, TX (and well beyond)"
1645,"Otisville, MI"
1646,"Curitiba, Brasil"
1647,"California, USA"
1648,Rural New Zealand
1649,"Freedom, USA"
1650,"Austin, TX"
1651,"Mid-Atlantic, USA"
1652,"Balaclava, Melbourne"
1653,chicago
1654,Ride or die
1655,NARnia
1656,Everywhere you want to be.
1657,"Oklahoma, USA"
1658,Malaysia
1659,„Ö§„Ö§„Ö§„Ö§
1660,World Wide
1661,TEXAS
1662,she/her/hers
1663,chicago
1664,"Santa Fe, NM"
1665,Oak Harbor WA
1666,United States
1667,"Skaneateles, NY"
1668,PG
1669,"Dallas, Texas, USA"
1670,"Tucson, AZ"
1671,U.S.A.
1672,Coastal Elite 
1673,OLY
1674,trans
1675,"Hamilton, Ontario"
1676,Canada
1677,"Brooklyn, NY (they/them only)"
1678,"Missouri, USA"
1679,"Bethel Park, PA"
1680,JP
1681,"Savannah, GA "
1682,Closer than you'd imagine
1683,Sebelahnya galaksi bimasakti
1684,"Michigan, USA"
1685,"Atlanta, GA"
1686,"Texas, USA"
1687,Australia
1688,Kentucky
1689,Ride or die
1690,"New Brunswick, Canada"
1691,CT River Valley USA
1692,215
1693,Canada
1694,US
1695,Los Angeles/ Ibiza / Germany/
1696,World
1697,"Mesa, Arizona (USA)"
1698,"Rancho Cucamonga, CA"
1699,AZ
1700,"Moreno Valley, CA"
1701,Global Village
1702,US
1703,"DeKalb, IL"
1704,Los Angeles
1705,College Station | HTX 
1706,"Toronto, Ontario"
1707,"Rancho Cucamonga, CA"
1708,"California, USA"
1709,"Bowling Green, KY"
1710,New York City
1711,"Washington, USA"
1712,US
1713,"San Francisco, CA"
1714,illinois
1715,"Las Vegas, NV"
1716,"Rochester, MN"
1717,"Fresno, CA"
1718,"Pennsylvania, USA"
1719,"Russellville, Alabama"
1720,"Alpharetta, GA"
1721,in a fictional land
1722,That ‚ÄúDangerous‚Äù Neighborhood
1723,"41,000 ft"
1724,San Francisco
1725,Western North Carolina
1726,"St Louis, Missouri"
1727,Republic of Maharlika
1728,w
1729,"Barnstable Town, MA"
1730,bay area
1731,"Washington, USA"
1732,"Texas, USA"
1733,"Georgia, USA"
1734,"Los Angeles, CA"
1735,"Tampa, FL"
1736,"Coquitlam, British Columbia"
1737,kileysmileyk@gmail.com
1738,"Chicago, IL"
1739,United States
1740,"Washington, DC"
1741,"North Dakota, USA"
1742,US
1743,"Nashville, TN"
1744,"Davis, CA"
1745,"Wrightwood, CA"
1746,NJ | NYC | Paris | SF | WY
1747,"Lima, Peru"
1748,USA
1749,US
1750,"Charlotte, NC"
1751,US
1752,"San Diego, CA"
1753,"North Carolina, USA"
1754,"Paramount, CA"
1755,"Atlanta, Georgia"
1756,"West Virginia, USA"
1757,Texas
1758,"Toronto, Ontario"
1759,"Barnstable Town, MA"
1760,"Chicago, IL"
1761,Still Above Ground
1762,U.S.A.
1763,God's country= The USofA   
1764,Florida‚òÄÔ∏è
1765,Minneapolis
1766,"Salt Lake City, Utah"
1767,United States
1768,US
1769,"Victoria, British Columbia"
1770,"Toronto, Ontario"
1771,"Canandaigua, NY"
1772,Malaysia & Singapore
1773,"Louisiana, New Orleans"
1774,United States
1775,US
1776,"Baltimore, MD"
1777,"in Florence, Italy ‚ù§Ô∏èüíôüíúüíöüíõ"
1778,"California, USA"
1779,US
1780,Houston
1781,"Indiana, USA"
1782,"Tempe, AZ"
1783,United Statesüá∫üá∏üá∫üá∏üá∫üá∏
1784,"Tempe, AZ"
1785,New York
1786,"Tucson, AZ"
1787,US
1788,K‚Äôjipuktuk/Halifax 
1789,"Colorado Springs, CO"
1790,Chandigarh
1791,"Butuan City, Caraga"
1792,Virginia
1793,selangor-perak-pahang
1794,MY
1795,The great white north...
1796,US
1797,"Edmonds, WA"
1798,Arizona 
1799,United States
1800,"Chicago, IL"
1801,"Indianapolis, IN"
1802,U.S.A.
1803,"Goi√¢nia, Goi√°s, Brazil"
1804,"Tempe, AZ"
1805,"Atlanta, GA"
1806,"California, USA"
1807,"berlin, germany"
1808,"San Marcos, TX"
1809,"Illinois, USA"
1810,"State College, PA"
1811,"East Region, Singapore"
1812,"New York, NY"
1813,HydroMolecularMed 993 120-5833
1814,"Normal, IL"
1815,Etx
1816,nj / bos
1817,"Windsor,Ontario"
1818,"California, USA"
1819,United States
1820, 
1821,uiowa
1822,"Alabama, USA"
1823,"North Carolina, USA"
1824,#YEG
1825,"Pug Town, USA"
1826,United States
1827,"41,000 ft"
1828,"Tempe, AZ"
1829,"Santa Fe, NM"
1830,Troy
1831,"Texas, USA"
1832,"Raleigh, NC"
1833,America
1834,Best Coast
1835,"North Chesterfield, VA"
1836,"Gilbert, AZ"
1837,"Kensington, Maryland 20895"
1838,"Elizabeth City, NC"
1839,"Ohio, USA"
1840,Canada
1841,"Fair Haven, MI"
1842,"Fort Worth, TX"
1843,"Maui, HI"
1844,"Florida, USA"
1845,United States
1846,US
1847,"Fargo, ND"
1848,Michigan
1849,"Aledo, IL"
1850,US
1851,United States
1852,"Portland, OR"
1853,Canada
1854,"Coloma, MI"
1855,"Austin, TX"
1856,"Athens, GA  + Franklin, TN"
1857,a Chinese buffet...probably
1858,US
1859,"Arlington, TX"
1860,"Laurinburg, NC"
1861,London ON
1862,270‚úàÔ∏è317 
1863,"Arkansas, USA"
1864,"Buffalo, NY"
1865,stream trench
1866,"Rochester, NY"
1867,New York
1868,"chicago,il"
1869,"Doaneland, USA"
1870,TX
1871,Brooklyn NY
1872,"Georgia, USA"
1873,Location is an illusion
1874, alberta üá®üá¶
1875,"Sydney, New South Wales"
1876,"Ottawa, Ontario, Canada"
1877,"Atlanta, GA"
1878,"aviano, italy // mercedes, tx"
1879,"Ulu Kelang, Selangor"
1880,Detroit
1881,"Wrightwood, CA"
1882,"osaka, jp"
1883,Los Angeles
1884,"Clearfield, UT"
1885,"Texas, USA"
1886,WNY
1887,"Ottawa, Ontario, Canada"
1888,"Mississauga, Ontario"
1889,Boston adjacent
1890,"New Jersey, USA"
1891,"Elizabeth, NJ"
1892,New Zealand
1893,United States
1894,in another atmosphere 
1895,Kuantan
1896,"Tennessee, USA"
1897,"Chetwynd, British Columbia. "
1898,she/her they/them
1899,Indonesia
1900,East of Mississippi
1901,jersey
1902,Utopia
1903,"Salt Lake City, UT"
1904,Middle East
1905,"Saint John, NB"
1906,"Louisville, Ky"
1907,"41¬∞ 50‚Ä≤ 43‚Ä≥ N, 71¬∞ 35‚Ä≤ 28‚Ä≥ W"
1908,"Salt Lake City, Utah"
1909,he/him
1910,"Texas, USA"
1911,www.lauralarue.com
1912,Canada
1913,"Georgia, USA"
1914,"Nebraska, USA"
1915,idaho
1916,"Tucson, AZ"
1917,"Kjipuktuk/Dartmouth, NS"
1918,Shah Alam
1919,"Boston, MA"
1920,"Portland, OR"
1921,"Englewood,Colorado"
1922,"Woodbridge, VA USA"
1923,lexington ky
1924,"Boston, MA"
1925,Indianapolis//Paris/NYC
1926,"Norristown, PA"
1927,"California, USA"
1928,"Florida, USA"
1929,Come on Feel the Illinoise
1930,California
1931,United States
1932,"Virginia, USA"
1933,"Texas, USA"
1934,"Central Okanagan, British Columbia"
1935,"Wrightwood, CA"
1936,Texas
1937,"Tucson, Arizona "
1938,"Manhattan, NY üóΩ"
1939,Chicago area
1940,"Denver, Colorado"
1941,United States
1942,"Texas, USA"
1943,"Webster, NY"
1944,"Lubbock, TX"
1945,"Salt Lake City, UT"
1946,US
1947,Federated States of Micronesia
1948,Chicago area
1949,"Indiana, USA"
1950,Houston
1951,"Toronto, Ontario"
1952,"Livermore, CA"
1953,Philippines
1954,"Mountain View, CA"
1955,greasy creek/tellico plains
1956,Chattanooga
1957,"Washington, DC"
1958,A Place In My Mind
1959,"New Mexico, USA"
1960,"Swampscott, MA"
1961,The OC
1962,"Chicago, IL"
1963,Silicon Valley
1964,New Zealand
1965,"Spokane, Washington"
1966,western N.Y.
1967,"Salt Lake City, Utah"
1968,"Wichita Falls, Texas"
1969,SF
1970,"Wrightwood, CA"
1971,"Mississauga, Ontario"
1972,üëΩ
1973,"Slayton, MN. 56172"
1974,United States
1975,"Halifax, Nova Scotia"
1976,Central Virginia
1977,Planet Erf
1978,"Stillwater, OK"
1979,my head
1980,Blue dot in a Red state 
1981,"Connecticut, USA"
1982,UCF
1983,"Wisconsin, USA"
1984,America
1985,#NETX
1986,Hell
1987,"Ohio, USA"
1988,"New York, NY"
1989,hiding on Pluto
1990,"Riceville, Iowa"
1991,"Oklahoma City, OK"
1992,"Bogor, Jawa Barat"
1993,"Manhattan, NY"
1994,Bangalore
1995,"Toronto, Ontario"
1996,"Oklahoma City, OK"
1997,"Omaha, NE"
1998,"Texas, USA"
1999,"Bellingham, WA"
2000,"Columbus, OH"
2001,"Seattle, WA"
2002,"Washington, USA"
2003,"Columbus, OH"
2004,Dark Side of the Moon
2005,US
2006,USA
2007,Toronto
2008,"Washington, USA"
2009,space time 
2010,"North Carolina, USA"
2011,"Oklahoma City, OK"
2012,"Webster, NY"
2013,boston
2014,"here, there, everywhere"
2015,US
2016,"Yaggera Land (Brisbane, AU)"
2017,"Custer County, Nebraska "
2018,United States
2019,"Washington, DC"
2020,"Idaho, USA"
2021,Los Angeles
2022,Rep. Dominicana
2023,"Distrito Federal, M√©xico"
2024,United States
2025,"Tempe, AZ"
2026,"Gatineau, Qu√©bec"
2027,Apple valley ca
2028,"Chertsey, South East"
2029,"Harrisburg, PA"
2030,NYC - Boston - Chicago - SF
2031,Illinois
2032,"Montana, USA"
2033,Canada
2034,Colorado
2035,"Providence, RI"
2036,United States
2037,"Toronto, Ontario"
2038,"San Francisco, CA"
2039,"Milwaukee, WI"
2040,"Elizabeth, NJ"
2041,New Lebanon
2042,"New York, NY"
2043,TORONTO ‚Ä¢ CANADA
2044,"Indianapolis, IN"
2045,"Houston, TX"
2046,US
2047,Washington
2048,WI/ WV
2049,"Cornell University, University of Toronto"
2050,"Tucson, AZ"
2051,United States
2052,Illinois
2053,Zebulon
2054,"Kansas City, MO"
2055,"Ellicottville, NY"
2056,"Texas, USA"
2057,ÈπøÂÖêÂ≥∂
2058,UK and the Philippines
2059,ARCTIC
2060,SOMEWHERE IN TIME. USA
2061,"New York, USA"
2062,"Washington, DC"
2063,", NJ"
2064,"Lafayette, LA"
2065,"Columbus, OH"
2066,"Denver, CO"
2067,Bowling Green Ky
2068,"Dallas, TX"
2069,"Columbus, Ohio"
2070,Minnesota 
2071,United States
2072,"Wolcott, CT"
2073,"NoVA, USA"
2074,"Brooklyn, NY"
2075,"Vincy|| Boston, MA"
2076,Denver
2077,"Texas, USA"
2078,"boston, ma & lbts, fl"
2079,"Labelle, FL"
2080,"Lafayette, LA"
2081,"South Carolina, USA"
2082,Denver
2083,"Illinois, USA"
2084,"Bostonish, MA"
2085,Perak-Petaling Jaya-Makkah ‚úà‚úà‚úà
2086,"California, USA"
2087,"New Jersey, USA"
2088,?
2089,aurora co 
2090,"Texas, USA"
2091,"Washington, DC"
2092,"Santa Clara, CA"
2093,"Costa Mesa, CA"
2094,"Houston, Texas"
2095,"Atlanta, GA"
2096,"Portland, OR"
2097,"El Monte, CA"
2098,"Huntington Beach, CA"
2099,"Westminster, CO"
2100,"Virginia, USA"
2101,nyc.347
2102,"Winnipeg, Manitoba"
2103,"Rochdale, England"
2104,Indonesia
2105,"Oshawa, Ontario"
2106,"Newtown Square, PA"
2107,"Apex, NC"
2108,washington dc
2109,St. Anthony ‚ù§
2110,CLE 
2111,Kadohadacho Caddoan Land
2112,Hill Country-Texas
2113,"Central Java, Indonesia"
2114,"California, USA"
2115,Fly Over Nation
2116,"Washington, DC"
2117,hell
2118,"Asbury Park, NJ"
2119,"London, Sverige & China "
2120,Lincoln Nebraska
2121,I unfollow if you do!  NO List
2122,"Islamabad, Pakistan"
2123,Jakarta üáÆüá©
2124,"Richmond, VA"
2125,"New York, USA"
2126,"Reno, "
2127,"Montreal, Canadia"
2128,"Dublin City, Ireland"
2129,"Arkansas, United States"
2130,Utopia
2131,Yogyakarta
2132,"Bakersfield, CA"
2133,Shah Alam
2134,Child of the most high GOD
2135,Yellow City
2136,"Fayetteville, GA"
2137,Los Angeles
2138,"Cleveland, TN"
2139,"Cincinnati, OH"
2140,"Finch Hatton, QLD"
2141,New York/Bengaluru
2142,üá≤üáΩ
2143,"Eureka, CA"
2144,"Blair, NE"
2145,"New York, NY"
2146,"Boston, MA"
2147,AZ
2148,"NoVA, USA"
2149,Earth
2150,"Minneapolis, MN"
2151,"Vinings, GA"
2152,„Åï„ÇÄ„ÅÑ„Å®„Åì
2153,"Batesville, AR"
2154,Team USA
2155,"Kalaoa, HI"
2156,OZ
2157,manchester
2158,Just me and myself
2159,North Jersey
2160,"Ohio, USA"
2161,USA
2162,beyond the scope of normalcy
2163,Los Angeles
2164,"Tipp City, OH"
2165,"Columbus, OH"
2166,"Maryland, USA"
2167,"San Diego, CA"
2168,"Maryland, USA"
2169,Middle Tennessee
2170,S√£o Luis
2171,sih n mandy üíó
2172,America
2173,"Los Angeles, CA"
2174,"Kuala Lumpur, Wilayah Persekut"
2175,"Baton Rouge, LA"
2176,Merica
2177,"Burr Ridge, IL"
2178,"Vail, CO"
2179,The Lost City of Atlantis
2180,Texas
2181,"Waterloo, IA"
2182,"Riverside, CA"
2183,"Wichita, KS"
2184,"Toledo, OH"
2185,"Arizona, USA"
2186,Earth
2187,DC/AL
2188,Canada
2189,Penn State
2190,"Bryan, TX"
2191,"Port Place, Nanaimo, BC"
2192,California
2193,"Rockford, IL"
2194,"Washington, DC"
2195,occupied Lenape territory
2196,Western N.Y 
2197,illinois wesleyan university
2198,"St Joseph, MO"
2199,Long Beach
2200,Honduras
2201,Norfolk
2202,"Houston, TX"
2203,"King County, Washington, USA"
2204,"Washington, DC"
2205,"St Peter, MN"
2206,"Wichita, Kansas"
2207,Florida
2208,"Los Angeles, CA"
2209,"Tallahassee, FL"
2210,"Alberta, Canada"
2211,"God's Heart, Throne Room"
2212,"Tallahassee, FL"
2213,World
2214,World
2215,"Tallahassee, FL"
2216,Scotland
2217,"Georgia, USA"
2218,"Pennsylvania, USA"
2219,"Nova Scotia, Canada"
2220,Ôø£_„ÇùÔø£)ÔæâÂ§öÊë©Â∑ù„Å®Áõ∏Ê®°Êπæ„ÅÆÁã≠Èñì
2221,"iPhone: 37.894020,-122.484962"
2222,"Kings Park, NY"
2223,"Florida, USA"
2224,Wales
2225,"Los Angeles, California"
2226,Eldorado
2227,"Overland Park, KS"
2228,"Ohio, USA"
2229,"Louisville, Kentucky"
2230,"Liaoning, People's Republic of China"
2231,"Shepherdstown, WV"
2232,Waco
2233,"Florida, USA"
2234,ASEAN 
2235,"Pennsylvania, USA"
2236,"Boise, ID"
2237,IHOP
2238,Los Angeles
2239,"Florida, USA"
2240,"Nevada, USA"
2241,"Englewood,Colorado"
2242,"Houston, TX (and well beyond)"
2243,"New Orleans, Baton Rouge"
2244,"San Francisco, CA"
2245,Cleveland middle and high schools
2246,Netherlands
2247,"Putrajaya, Putrajaya Federal Territory"
2248,U of North Carolina
2249,Lives on Earth
2250,Pullman
2251,"Lyndhurst, OH"
2252,"Winnipeg, Manitoba"
2253,"El Paso, TX"
2254,Singapore
2255,Long Island
2256,"Ashland, OR, USA"
2257,"Belmont, NC"
2258,"Columbus, OH"
2259,"Illinois, USA"
2260,"Galveston, TX"
2261,ssamelpan@gmail.com
2262,"London, Airstrip One (Oceania)"
2263,"California, USA"
2264,Clt
2265,Out here slangin dick
2266,Baton Rouge LA
2267,United States
2268,"Temecula, CA"
2269,"(Conway, Arkansas)"
2270,"Corpus Christi, TX"
2271,"South Carolina, USA"
2272,"Palo Alto, CA"
2273,"Houston, TX"
2274,"Brooklyn Center, MN"
2275,"Massachusetts, USA"
2276,"Florian√≥polis, Brasil"
2277,rabat
2278,Los Angeles
2279,United States
2280,"Hackensack, NJ"
2281,"Omaha, NE"
2282,my joints are unlit
2283,Toronto
2284,Albuquerque
2285,"Mississauga, Ontario"
2286,"Port Clinton, OH"
2287,"Portland, Oregon"
2288,texas
2289,"Research Triangle Park, NC"
2290,"Ashland, OR, USA"
2291,"Salt Lake City, Utah"
2292,san francisco
2293,"Austin, TX"
2294,"Indiana, US"
2295,"Alberta, Canada"
2296,St. Augustine FL
2297,United States
2298,"Menomonee Falls, WI"
2299,"Fort Myers, FL"
2300,"Houston, TX, USA"
2301,"Ohio, USA"
2302,Broken Hill - Toowoomba
2303,"Minneapolis, MN"
2304,501.
2305,"Oklahoma, USA"
2306,"San Diego, CA"
2307,crying with alma at csub
2308,"Portland, OR"
2309,Laois
2310,USA
2311,USA
2312,The greatest country on Earth
2313,"Home@surrey,bc"
2314,"Annapolis, MD"
2315,United States
2316,United States
2317,"Columbus, GA"
2318,"Olathe, KS"
2319,"San Antonio, TX"
2320,"Dallas, TX"
2321,Ind
2322,Grey Sloan Memorial 
2323,"Portland, OR"
2324,Global
2325,#Cleveland #Ohio  
2326,Vallbhipur Gujrat India
2327,USA
2328,"⁄à€åÿ±€Å ÿ∫ÿßÿ≤€å ÿÆÿßŸÜ, Ÿæÿß⁄©ÿ≥ÿ™ÿßŸÜ"
2329,"Bridge City, TX"
2330,"Virginia Beach, VA"
2331,kuala lumpur
2332,"Irvine, CA"
2333,"Los Angeles, CA"
2334,"Omaha, Neb"
2335,"Golconda, il"
2336,Eastern Washington
2337,Somewhere In The Woods
2338,"Warwick, RI"
2339,In Someone's Basement
2340,West Virginia
2341,Eastern Washington
2342,"Brooklyn,NY"
2343,"Cedar Falls, Iowa"
2344,"Denver, CO"
2345,"Red Lake, ON via NB and AB"
2346,earth
2347,United States
2348,schr√∂diger's cat's box
2349,"Stockton, California"
2350,"New Haven, CT"
2351,8th Circle of Hell 
2352,"Denver, CO"
2353,Houston
2354,USA
2355,"Nairobi,Kenya"
2356,‰∏≠ÂõΩÊù≠Â∑û
2357,exo twice 
2358,Maine
2359,"Toledo, OH"
2360,wadu
2361,United States
2362,"Manila, Philippines"
2363,"Boston, MA, USA"
2364,"New Orleans, LA"
2365,Colombia
2366,bitch I'm not friendly
2367,philly
2368,"√úT: 32.336484,-110.984166"
2369,"New Orleans, LA"
2370,"Chicago, IL"
2371,401
2372," New Orleans LA, Jackson, MS"
2373,"Oneida, TN"
2374,Toronto
2375,New York City
2376,"Los Angeles, CA"
2377,your backyard
2378,"Kampala, Uganda"
2379,"Albuquerque, NM"
2380,"Overland Park, KS"
2381,Georgia
2382,"Tyler, TX"
2383,401
2384,"Montrose, Houston TX"
2385,"Overland Park, KS"
2386,"White Bear Lake, MN"
2387,Toronto
2388,United States
2389,FL
2390,"Kentucky, USA"
2391,"Cape Coral, FL"
2392,Petaling Jaya
2393,looking at the sky somewhere
2394,"Âè∞ÂåóÂ∏Ç, Âè∞ÁÅ£"
2395,Miami 
2396,Oklahoma
2397,"Greenup, KY"
2398, Indianapolis IN
2399,United States
2400,"lapta, kyrenia, north cyprus"
2401,"Lansing, MI"
2402,"Kingston, ON"
2403,"Spokane, WA"
2404,434 
2405,"Charlotte, NC"
2406,Q Sent Me ‚≠ê‚≠ê‚≠êTx Patriot! 
2407,#USMC #Texas #UNT #ThePoint
2408,"Santiago, Chile"
2409,"Huntsville, AL"
2410,5sos & bts
2411,"SJ, C a l i f o r n i a ‚ô°"
2412,"Tucson, AZ"
2413,On a Mission
2414,"Clermont, FL"
2415,"Kansas City, MO"
2416,"lexington, kentucky. "
2417,Los Angeles
2418,"Tucson, AZ"
2419,"Bloomington, IN"
2420,"North Carolina, USA"
2421,"Oakland, CA"
2422,"Lake St Louis, MO"
2423,Tennessee
2424,where do you think?
2425,"PA, USA"
2426,SE of Seattle WA
2427,"Miami, FL"
2428,"San Mateo County, California"
2429,SoCal ... via TX
2430,Bay Area
2431,"Plano, TX"
2432,"Detroit, MI"
2433,"Washington Heights, New York"
2434,"Kansas, USA"
2435,üåè
2436,"Minnesota, USA"
2437,"Waunakee, WI"
2438,United States of America
2439,Earth
2440,"Windsor, Ontario"
2441,Ulaanbaatar and Afghanistan
2442,"Nashville, TN"
2443,"Eugene, OR"
2444,Canada
2445,"West Monroe, LA"
2446,Kuala Lumpur
2447,"Noida, India"
2448,Trap house 
2449,"San Mateo County, California"
2450,"Los Angeles, CA"
2451,"Boston, MA"
2452,NYC
2453,"Missouri, USA"
2454,Wellington
2455,United Kingdom
2456,Ulaanbaatar and Afghanistan
2457,World
2458,"Boston, MA"
2459,Bay Area 
2460,Oklahoma
2461,United States
2462,"Arkansas, USA"
2463,"Bethesda, MD"
2464,Team PijaSUN üå∫
2465,"Little Rock, Arkansas"
2466,"Escondido, CA"
2467,"Chicago, IL"
2468,"Chicago, IL"
2469,"Alexandria, VA"
2470,Going placesüç¶
2471,United States
2472,Earth-616
2473,üïäÔ∏è #SpiritOfAmerica üá∫üá∏
2474,phils.
2475,üïäÔ∏è #SpiritOfAmerica üá∫üá∏
2476,üïäÔ∏è #SpiritOfAmerica üá∫üá∏
2477,United States
2478,New York City
2479,üïäÔ∏è #SpiritOfAmerica üá∫üá∏
2480,üïäÔ∏è #SpiritOfAmerica üá∫üá∏
2481,Knoxville
2482,üïäÔ∏è #SpiritOfAmerica üá∫üá∏
2483,"Minneapolis, MN"
2484,üïäÔ∏è #SpiritOfAmerica üá∫üá∏
2485,"Ontario, Canada"
2486,üïäÔ∏è #SpiritOfAmerica üá∫üá∏
2487,Minnesota
2488,"Michigan, USA"
2489,Texas
2490,"Charlotte, NC"
2491,gone
2492,New Zealand
2493,"Brisbane, Australia"
2494,Caracas
2495,"Strathcona County, Alberta"
2496,"Inglewood, CA"
2497,Pinetown
2498,"Mesquite, TX"
2499,Southern USA
2500,√ºberburbs¬© of Philadelphia
2501,"Maryland, USA"
2502,"Blackburn South, Melbourne"
2503,Wellington
2504,"Chur-chur, Aotearoa"
2505,"dallas, texas"
2506,"Koronadal, Philippines"
2507,United States
2508,"Illinois, USA"
2509,"Tarrytown, NY"
2510,"Florida, USA"
2511,"San Mateo County, California"
2512,Somewhere I belong
2513,"Austin, TX"
2514,"Ohio, USA"
2515,OhiO
2516,jersey
2517,"Winnipeg, MB, Canada"
2518,"Los Angeles, CA"
2519,United States
2520,"Fayetteville, GA"
2521,Atlantafornia 
2522,"Villa Park, IL"
2523,"Chicago, IL"
2524,"dallas, texas"
2525,"Pembroke, NC"
2526,Los Angeles
2527,SMtown
2528,New York
2529,"Toronto, ON"
2530,"Naples, FL"
2531,"Elizabethtown, Ontario"
2532,"Auckland, New Zealand"
2533,"427 31W Bypass STE. 203 BG, KY"
2534,"Los Angeles, CA"
2535,"Seattle, WA"
2536,Philippeville
2537,"Halifax, Nova Scotia"
2538,Simco mountain : RANGE 
2539,Epic Gamer Headquarters
2540,"Atlanta, GA"
2541,"Connecticut, USA"
2542,"Fresno, CA"
2543,"Norman, OK"
2544,"Houston, TX (and well beyond)"
2545,Mississippi Lake Ontario
2546,"Orlando, FL"
2547,"Salt Lake City, UT"
2548,"Baton Rouge, LA"
2549,Barbados
2550,"Brandenburg, KY"
2551,West Burgershire
2552,UAlbany
2553,i'm lost and my phones battery is on 5%
2554,GLOBAL
2555,"Rural Retreat, VA"
2556,"Charlotte, NC"
2557,GLOBAL
2558,"New York, NY"
2559,Ireland
2560,"Seattle, WA, Cascadia"
2561,"Manhattan, NY"
2562,ohio
2563,TX
2564,"Seattle, WA"
2565,"San Diego, CA"
2566,Cincinnati Ohio
2567,"Bristol, TN"
2568,"Toronto, Ontario"
2569,"Seattle, WA"
2570,Avenue of the (not) Righteous
2571,Teku Benga
2572,"Baltimore, MD"
2573,Seattle Grace Hospital
2574,Roaming
2575,CLE
2576,Middle America
2577,"Raleigh, NC"
2578,New OrleansÓÅä
2579,"Index, WA "
2580,"Pittsburgh, PA"
2581,West Coast
2582,Charlotte 
2583,"Iligan City, Northern Mindanao"
2584,USA
2585,"Greenfield, IN"
2586,"Kuala Lumpur City, Kuala Lumpu"
2587,"Louisville, KY"
2588,"Onarga Falls, Illinois"
2589,"Manhattan, NY"
2590,Goldilocks Zone
2591,Bull City
2592,Malaysia
2593,St Louis MO
2594,usa
2595,Soro‚Äôs guest house
2596,Los Angeles
2597,Long Island. NY
2598,"Hilo, Hawaii"
2599,Boston
2600,"Fredericksburg, VA"
2601,17 | #blacklivesmatter 
2602,MY
2603,"Colorado, Texas, Georgia, NY/NJ"
2604,"Baltimore, MD"
2605,Colorado
2606,Northern New Jersey
2607,"Oporto, Portugal"
2608,"Atlanta, GA"
2609,Boston 
2610,Kazakhstan
2611,"New Delhi, India"
2612,"Oakville, Ontario, Canada"
2613,"Baltimore, MD"
2614,twitter
2615,California
2616,twitter
2617,Brazil
2618,"Oregon, USA"
2619,ÎåÄÌïúÎØºÍµ≠
2620,"39,000 ft"
2621,"Massachusetts, USA"
2622,"New York, USA"
2623,"Twin Cities, Minnesota"
2624,Wherever the tacos are
2625,"England, United Kingdom"
2626,"Colleyville, TX"
2627,"Ontario, Canada"
2628,"√úT: -22.900666,-43.120187"
2629,ICU 
2630,"Germantown, MD"
2631,South Australia
2632,"Chicago, IL"
2633,Indianapolis area
2634,"Pennsylvania, USA"
2635,203
2636,"Santa Monica, CA"
2637,"≈åtautahi, Aotearoa"
2638,"√úT: -22.900666,-43.120187"
2639,"Charlotte, NC"
2640,"Fort Lauderdale, FL"
2641,"Charlotte, NC"
2642,"Stockton, CA"
2643,"Cincinnati, OH"
2644,"Queens, New York"
2645,"Birmingham, AL"
2646,"Houston, TX"
2647,"Sydney, Australia"
2648,PLANET EARTH
2649,United States
2650,"Louisiana, USA"
2651,trying to kill the moon
2652,On a Mission
2653,"Tulsa, Oklahoma"
2654,"New Delhi, India"
2655,üáπüáπ
2656,Seattle
2657,"Orange County, CA"
2658,"Naples, FL"
2659,"Tampa, Florida"
2660,Chicago
2661,United States
2662,tokyo
2663,"New Delhi, India"
2664,Florida
2665,"Scotland, United Kingdom"
2666,Lake Ballinger
2667,"Texas, USA"
2668,Madinah üïå
2669,"Denver, Colorado, USA"
2670,El Paso
2671,World
2672,"New York, NY"
2673,USA
2674,"Sydney, New South Wales"
2675,"North Carolina, USA"
2676,"California, USA"
2677,United States
2678,Malaysia
2679,New Brunswick
2680,"California, USA"
2681,"Modesto, CA"
2682,Ct
2683,"Seattle, Washington, USA"
2684,Trinidad
2685,"Michigan, USA"
2686,"New Delhi, India"
2687,"Sacramento, CA"
2688,"Middleton, NS"
2689,"Kentucky, USA"
2690,"Washington, DC"
2691,Maryland
2692,GLOBAL
2693,New Zealand
2694,"Boulder, CO"
2695,Atlantis
2696,"New Delhi, India"
2697,Malaysia
2698,"Bengaluru, India"
2699,"Diamond Bar, CA"
2700,"Austin, Texas"
2701,"Charlotte, NC"
2702,"Orlando, FL"
2703,United States
2704,The S.S. Shambles
2705,LBK
2706,"Michigan, USA"
2707,717
2708,Total Universe
2709,Ashland
2710,"Virginia, USA"
2711,‚ú™The United States Of America‚ú™
2712,"McKinney, TX"
2713,"New York, USA"
2714,"Austin, TX"
2715,NYC
2716,United States
2717,"Orlando, FL"
2718,Los Angeles
2719,"Fort Worth, TX"
2720,"Chicago, IL"
2721,"Antwerpen, Belgi√´"
2722,brooklyn
2723,"Toronto, Ontario"
2724,United States
2725,"Boston, MA"
2726,Wallumedegal Country
2727,"Florida, USA"
2728,AZ
2729,Okla
2730,Madinah üïå
2731,"Toronto, Ontario"
2732,jigoku
2733,"cbus
"
2734,somewhere else
2735,"Fort Worth, TX"
2736,some hell hole
2737,Mackay
2738,716
2739,United States
2740,Edinburg Texas
2741,Minnesota
2742,Mackay
2743,"Belmont, NC"
2744,Ontario
2745,"Bogot√°, D.C., Colombia"
2746,"DeLand, Ormond, Daytona Beach, Port Orange, Ponce Inlet"
2747,United States
2748,"Sulphur, LA"
2749,Probably in bed üõè 
2750,"Johor Bahru, Johor"
2751,Ottawa
2752,"Belle Chasse, LA"
2753,"Texas, USA"
2754,Instagram @dreams_4_sale 
2755,"Philadelphia, PA"
2756,"Charlotte, NC"
2757,"Kearney, NE"
2758,Devil's Triangle ‚ò†
2759,"Michigan, USA"
2760,New England
2761,yorkshire
2762,MY
2763,"U.S. West Coast, Alameda CA"
2764,"Tatamagouche, Nova Scotia"
2765,New York
2766,D T X
2767,"New York, NY"
2768,"Hot Springs, AR"
2769,"Washington, DC"
2770,"Monroeville, AL"
2771,London
2772,"Hollywood , CA"
2773,"Provo, Utah. "
2774,los angeles
2775,"Sarasota, FL"
2776,"Washington Heights, New York"
2777,"La Jolla, San Diego"
2778,k-dramas
2779,"Sugar Land, TX"
2780,"Iowa, USA"
2781,"Fairfield, CT"
2782,"Johore, Malaysia"
2783,Heavens Fence
2784,Peine
2785,"Fairfield, CT"
2786,Malaysia
2787,"Austin, TX"
2788,"Portland, OR"
2789,Utah
2790,USA
2791,Virginia
2792,In the mythical land of Oz.
2793,"Larkfield, CA"
2794,NYC (142)
2795,"Cuyahoga Falls, OH"
2796,"San Marcos, TX"
2797,Vancouver
2798,Los Angeles
2799,Malaysia
2800,Knoxville
2801,Washington DC
2802,Durham NC
2803,"Tennessee, USA"
2804,Midwest USA
2805,"Hattiesburg, MS"
2806,my head...mostly‚òª
2807,"Seattle, WA"
2808,"Los Angeles, CA"
2809,"Kitchener, ON, Canada"
2810,Southern Indiana
2811,Florida ‚òÄÔ∏è
2812,"Ahmadabad City, India"
2813,multi
2814,"California, USA"
2815,Southern Indiana
2816,"Troy, NY ‚úà Tampa, FL"
2817,"New York, NY"
2818,United States
2819,"Los Angeles, CA"
2820,"Boise, Idaho"
2821,"Connecticut, USA"
2822,Frisco Tx
2823,"Connecticut, USA"
2824,everywhere
2825,"Lubbock, TX"
2826,Massachusetts
2827,"Raleigh, NC"
2828,"San Diego, CA"
2829,"Charlotte, NC"
2830,221B baker street : cam
2831,"6 Side, Canada"
2832,"Tennessee, USA"
2833,"Queens, NY"
2834,In a cringe compilation
2835,Wolves den
2836,Scottsdale AZ
2837,Michigan
2838,usa
2839,Hibernia
2840,"New York, NY"
2841,"Woodland, CA"
2842,"New York, NY"
2843,"Lower Mainland, BC"
2844,China.Hong Kong.Malaysia.
2845,"New York, NY"
2846,"New York, NY"
2847,"Arizona, USA"
2848,"New York, NY"
2849,"New York, NY"
2850,"Detroit, MI"
2851,"New York, NY"
2852,"Cincinnati, OH"
2853,"Philadelphia, PA"
2854,USA
2855,jcdanielsblog.com
2856,"New York, NY"
2857,Jamaica
2858,"Los Angeles, CA"
2859,"Hufflepuff, West Side, Chicago"
2860,Everywhere
2861,"Ketchikan, Alaska"
2862,Terribly lost...loving it üåçüèÑ
2863,Nomadismo responsable
2864,Miami
2865,"North Carolina, USA"
2866,"Oxford, MS"
2867,"Virginia, USA"
2868,USA
2869,Jamaica
2870,"Texas, USA"
2871,The Lou
2872,"Ohio, USA"
2873,"Haining, China"
2874,"Huntington Beach, California"
2875,"London, England"
2876,"√úT: 0.457154,101.453758"
2877,Taekwondo
2878,"wales,UK"
2879,"Chicago, IL"
2880,ky
2881,"Pennsylvania, USA"
2882,Manila
2883,"Tennessee, USA"
2884,Canada
2885,Photo: European Eagle Owl
2886,OZ
2887,"Sterling, VA"
2888,United States
2889,"Rivers, Manitoba, Canada"
2890,CALI
2891,"Washington, D.C."
2892,MA
2893,"Washington, D.C."
2894,West Savannah 
2895,Canada
2896,stl
2897,everywhere
2898,ehh
2899,United Kingdom
2900,Orlando
2901,minding my damn business
2902,"Wollongong, New South Wales"
2903,California
2904,"Arizona, USA"
2905,"Locust, NC"
2906,Mornington Peninsula
2907,"Co.Cork, Ireland"
2908,twitterville
2909,Southern Maine
2910,Infinite consciousness
2911,"Pennsylvania, USA"
2912,"Waukesha, WI"
2913,Sverige
2914,"Texas, USA"
2915,cheese frosting
2916,"Mississippi, USA"
2917,Your Wager Guru
2918,Pelahatchie MS
2919,"Washington, DC"
2920,United States
2921,Australia
2922,"Medell√≠n, Colombia "
2923,United States
2924,"Mesa, Arizona (USA)"
2925,"Taipai, Taiwan"
2926,HydroMolecularMed 993 120-5833
2927,Ireland
2928,"Minneapolis, MN"
2929,"Ramsey, NJ"
2930,houston tx 
2931,"California, USA"
2932,Pleiades 
2933,Babylon-on-the-Hudson
2934,"Quitman, La"
2935,Australia
2936,Seattle
2937,Twitch
2938,"Toronto, Ontario"
2939,"Kansas, USA"
2940,"California, USA"
2941,NC
2942,"California, USA"
2943,India
2944,"Gujarat, India"
2945,"New York, NY"
2946,"Arizona, USA"
2947,"Texas, USA"
2948,Caught between the moon & NYC
2949,"Baja California, M√©xico"
2950,"New York, USA"
2951,Mexico DF
2952,htown
2953,"Wilkes Barre, PA"
2954,"North Carolina, USA"
2955,"North Carolina, USA"
2956,"Rivers, Manitoba, Canada"
2957,#NoMandatedVax #MINE #VetoSB27
2958,USA
2959,"Texas, USA"
2960,"Afton, MN"
2961,USA
2962,"San Marcos, TX"
2963,"Moorpark, CA"
2964,"New York, NY"
2965,the deuce
2966,NC
2967,New York City
2968,"Hillsboro, OR"
2969,Mississippi 
2970,¬∞don't find me i'll find you¬∞
2971,Sussex County 
2972,Minnesota
2973,"Texas, USA"
2974,hell
2975,This world is not my home...
2976,Singapore
2977,Philly
2978,United States
2979,Marion
2980,USA
2981,United States
2982,Deep in the heart of Texas
2983,This world is not my home...
2984,They call me Yung Adobo
2985,"Buffalo, NY"
2986,Pa
2987,"Surrey, BC"
2988,she/her ‚Ä¢ bi ‚Ä¢ Xenüíï
2989,Live From the Gutta 
2990,"Bowling Green, KY"
2991,"Toronto, Ontario"
2992,Australia
2993,NC
2994,"Morrow, OH"
2995,"Ahmadabad City, India"
2996,Enjoying life everywhere
2997,"Reynoldsburg, OH"
2998,"Raleigh, NC"
2999,phpines
3000,United States
3001,"Raleigh, NC"
3002,Maine
3003,"west coast, canada"
3004,United States
3005,United States
3006,"Raleigh, NC"
3007,Big Orange Country üçäüçäüçä 
3008,"Cardiff, Wales"
3009,"Raleigh, NC"
3010,"North Carolina, USA"
3011,El Cerrito Place
3012,"Washington, DC"
3013,"Cedar Rapids, IA"
3014,"Pittsburgh, PA"
3015,"Overland Park, KS"
3016,United States
3017,"New York, NY"
3018,"Plattsburg, MO"
3019,"Savannah, GA"
3020,"Graham, NC"
3021,Philadelphia
3022,"Houston, TX"
3023,Hong Kong
3024,East TN
3025,"Raleigh, NC"
3026,"East Meadow, NY"
3027,"Osun, Nigeria"
3028,worcester ma
3029,Rangerstown
3030,"New Orleans, LA"
3031,"Lindsay, CA"
3032,Nicaragua
3033,"Corvallis, Oregon"
3034,"my USA, ŒºŒøŒª·ΩºŒΩ ŒªŒ±Œ≤Œ≠"
3035,"Glen Rose,ü•ÄTexas, USA"
3036,"El Paso, TX"
3037,Kashipur (Uttarakhand)
3038,"Raleigh, NC"
3039,earth
3040,CT
3041,Probably overthinking
3042,"Georgetown, TX"
3043,USA
3044,"Glen Rose,ü•ÄTexas, USA"
3045,Ô∏Ω‚úµÔ∏ΩHigherFurtherFasterÔ∏Ω‚úµÔ∏Ωü§†
3046,"Charlotte, NC"
3047,"Corvallis, Oregon"
3048,with Aaron and Sage
3049,"Sherwood, OR"
3050,Azalea Town
3051,Ayamonte
3052,they/them
3053,H-Tine. 
3054,Screwzoota
3055,"Washington, USA"
3056,"Newburgh, NY"
3057,Jamaica
3058,KenyaüëâüèΩClovisüëâüèΩBerkeley
3059,USA
3060,  Omaha
3061,"USA, USA, USA"
3062,"Tennessee, USA "
3063,Canada
3064,"New York, USA"
3065,"New Jersey, USA"
3066,ùíâùíéùíé
3067,UK
3068,Atlanta
3069,Infinity and beyond
3070,"Raleigh, NC"
3071,Somewhere Asleepüò¥
3072,Los Angeles
3073,"Raleigh, NC"
3074,Â∫ÉÂ≥∂ Á¶èÂ±±Â∏Ç
3075,"Melbourne, Victoria"
3076,"Pittsburgh, PA"
3077,nr Toronto Ont. Canada
3078,"Overland Park, KS"
3079,Mississippi
3080,"Minneapolis, MN"
3081,"Albuquerque, NM"
3082,"Massachusetts, USA"
3083,ùïåùï° ùïÉùïíùï£ùï£ùï™'ùï§ ùïíùï§ùï§
3084,"Port au prince, Haiti"
3085,"Raleigh, NC"
3086,South Africa
3087,üåä
3088,Aptos CA
3089,"Overland Park, KS"
3090,"Ohio, USA"
3091,"Arlington, VA"
3092,"Overland Park, KS"
3093,tweets my own
3094,"California, USA"
3095,"Philadelphish, Pa, 'murica"
3096,"Overland Park, KS"
3097,"Chicago, IL"
3098,"Raleigh, NC"
3099,Proverbs 3:27.
3100,"Berkeley, CA"
3101,Texas
3102,"Jacksonville, FL"
3103,Los Angeles
3104,University of Delaware
3105,"Burbank, WA"
3106,"Tracy, CA"
3107,malayxiah home sweet home
3108,Red Station
3109,USA
3110,"Raleigh, NC"
3111,"NoVA, USA"
3112,France
3113,USA
3114,Texas
3115,Washington DC
3116,USS Enterprise
3117,"Tennessee, USA"
3118,nj / bos
3119,"Santiago, Chile"
3120,United States
3121,"HONOLULU, HAWAII"
3122,USA
3123,"NoVA, USA"
3124,Everywhere except China
3125,"Arkansas, USA"
3126,"Ile-de-France, France"
3127,tweets my own
3128,"Vancouver Island, BC, Canada"
3129,"Raleigh, NC"
3130,UK
3131,USA
3132,"Boston, MA"
3133,"Tulsa, OK"
3134,United States
3135,"Washington, DC"
3136,World
3137,Hooderzfield
3138,)))Shadows(((
3139,Wisconsin
3140,"Rathvilly, Co Carlow"
3141,Southern California
3142,"South Carolina, USA"
3143,"Amarillo, TX"
3144,"Dallas, TX"
3145,"Ohio, USA"
3146,"Covington, GA"
3147,"California, USA"
3148,everywhere
3149,"NoVA, USA"
3150,"NoVA, USA"
3151,127.0.0.1
3152,That little stick on New York 
3153,"Corpus Christi, TX"
3154,South Shelbyville
3155,ca & tn
3156,"Massachusetts, USA"
3157,"California, USA"
3158,"Atlanta, GA"
3159,ca & tn
3160,"North Carolina, USA"
3161,"Hawaii, USA"
3162,"Dwarka, New Delhi"
3163,"Kississippi, USA"
3164,Los Angeles
3165, ≥·µâ·µõ·µâÀ°·µò·µõÀ¢ ·µí‚ÅøÀ° ∏ ·µâ·µõ·µâ‚Åø·µó
3166,"Calgary, Alberta"
3167,@devouringwords
3168,"Lindale, TX"
3169,"Columbia, TN"
3170,"Gujarat, India"
3171,"Washington, DC"
3172,"Pittsburgh, Pennsylvania, USA"
3173,United States
3174,"Pimmit Hills, VA"
3175,"Bacoor, Cavite, Phil."
3176,"Tonka Bay, MN"
3177,Oregon
3178,"Pittsburgh, PA"
3179,Singapore
3180,"Chicago, IL"
3181,"Flint, MI"
3182,"Hamilton, Ontario"
3183,United States
3184,United States
3185,Singapore
3186,Canada
3187,"Pennsylvania, USA"
3188,The Here And Now
3189,Europe
3190,"Ohio, USA"
3191,"Manhattan, Kansas"
3192,"Colorado, USA"
3193,"Omaha, NE"
3194,"Lexington, KY"
3195,$$$
3196,ohio.
3197,"Washington, DC"
3198,336
3199,"Pennsylvania, USA"
3200,"Henderson, NV"
3201,Maryland !! üíô
3202,Nottingham\Islington\Ashford
3203,Tech startup homeless world
3204,"Washington, DC"
3205,"Tucson, AZ"
3206,United States Minor Outlying I
3207,"Phoenix, AZ"
3208,"Bloomington, IN"
3209,"Ahmadabad City, India"
3210,"Sion, Switzerland"
3211,"Paris, France"
3212,"Corvallis, OR"
3213,"Glastonbury, CT"
3214,Nebraska
3215,Getting betterüë†
3216,"College Station, TX"
3217,cornbread fed. 
3218,Belgium
3219,mother earth
3220,"Miami, FL"
3221,"Austin, TX"
3222,"Kuala Lumpur, Malaysia"
3223,"Columbus, OH"
3224,"California, USA"
3225,"Ashland, OR, USA"
3226,"Delaware, USA"
3227,"Wilton, IA"
3228,main/priv @akaashitooru
3229,"Washington, USA"
3230,United States
3231,"California, USA"
3232,Riyadh_KSA khartoum_sudan
3233,York called new.
3234,Midwest
3235,Los Angeles
3236,"Maine, USA"
3237,"La California, Venezuela"
3238,"43.901794,-78.94925"
3239,"Ashland, OR, USA"
3240,"Baltimore, Maryland"
3241,# asia #22 #cool
3242,USA
3243,"Ada, OK"
3244,"Geelong, Vic."
3245,Here and There
3246,"Corpus Christi, TX"
3247,"Fredericton, New Brunswick"
3248,Florida
3249,Florida
3250,"Reno, NV"
3251,Earth
3252,Philadelphia
3253," Weatherford, OK. Go DAWGS."
3254,Los Angeles
3255,"Cockeysville, MD"
3256,"Lexington, KY"
3257,"Rustampur,Gorakhpur,U.P"
3258,"Kississippi, USA"
3259,On this earth
3260,United States
3261,"Bay Area, CA"
3262,Philadelphia
3263,"Scotch Plains, NJ"
3264,United States
3265,"Indiana, USA"
3266,"Arkansas, USA"
3267,Crucial Waukesha County
3268,"San Francisco, CA"
3269,Planet Earth
3270,"Lima, OH"
3271,k town
3272,DF
3273,Washington DC
3274,"Overland Park, KS"
3275,Massachusetts
3276,"New York, Providence RI"
3277,www.lauralarue.com
3278,PUBG VIDEOS 
3279,"Michigan, USA"
3280,üåé  Who knows~  
3281,South
3282,"Ohio, USA"
3283,Thundertown
3284,United States
3285,Wellington
3286,Da Woodz
3287,"Iowa City, IA"
3288,"Emmett, ID"
3289,USA
3290,NY
3291,United States
3292,"Louisiana, USA"
3293,United States
3294,Northwest Indiana
3295,"Satan's Lap, KY"
3296,"Pittsburgh, PA"
3297,Ireland
3298,The WolfDenüê∫
3299,"Pittsburgh, PA"
3300,Montr√©al
3301,üåéüå§ maan neeva maat uchi üçÉüåª
3302,"El Centro, CA"
3303,Living rent-free in your head
3304,"Atlanta, GA"
3305,"Oklahoma, USA"
3306,"Portland, Oregon"
3307,North Georgia Mountains
3308,"Houston, TX"
3309,"Houston, TX"
3310,United States
3311,DMV
3312,Taiwan
3313,"Portland, Oregon"
3314,not cute
3315,NY
3316,paddy's pub
3317,"Minneapolis, MN"
3318,People Of Good Will
3319,United States
3320,"Kansas City, MO"
3321,"Edmonton, Alberta"
3322,"Dixon, IL"
3323,Somewhere in this cruel wolrd 
3324,lilypad
3325,"Washington, USA"
3326,Around...
3327,"Earth, Terre, Erde, Gaia"
3328,"Mora, NM"
3329,"Colorado, USA"
3330,"Allen, OK"
3331,Frostbite Falls
3332,United States
3333,"Oswego, IL"
3334,NY
3335,United States
3336,"Hell, Sonora desert"
3337,Aisle 7 at Walmart - send help
3338,"Ada, OK"
3339,United States
3340,"Muscatine, IA"
3341,United States
3342,"Geneva, Switzerland"
3343,The pale blue dot
3344,"Bangkok, Thailand"
3345,"Kansas City, KS"
3346,United States
3347,South Jersey 
3348,New York State
3349,United States
3350,Jaipur
3351,"Wisconsin, USA"
3352,United States
3353,United States
3354,"Florida, USA"
3355,DC
3356,California
3357,New Zealand
3358,NY
3359,California
3360,"Tennessee, USA"
3361,"Denver, CO"
3362,Los Angeles
3363,"Texas, USA"
3364,"Oklahoma, USA"
3365,Georgia
3366,Louisiana
3367,"Philadelphia, PA"
3368,"Tennessee, USA"
3369,"Lewisburg, PA"
3370,‚ìú‚ìó‚ìö
3371,night vale
3372,‚òº‚òº‚òº‚òº‚òº
3373,"Toronto, Ontario"
3374,Iowa
3375,"Irvine, Scotland"
3376,"Texas, USA"
3377,NY
3378,"Pennsylvania, USA"
3379,"Distrito Federal, M√©xico"
3380,‚ôÇ ALABAMA ‚òº click for ammo ‚Üí
3381,"Sydney, New South Wales"
3382,"Washington, DC"
3383,Minecraft
3384,"Storrs, CT"
3385,Rosario 
3386,Western US
3387,tacobell
3388,Dominica
3389,"Virginia Beach, VA"
3390,My Boyfriends
3391,Canada
3392,District 12
3393,"houston, texas"
3394,"Lewiston, ME"
3395,"New York, NY 10002"
3396,Plastic beach 
3397,Tokyo Japan
3398,South Jersey 
3399,"Florida, USA"
3400,"Manhattan, KS"
3401,HQ - NYC
3402,"Texas, USA"
3403,"New Mexico, USA"
3404,"Tulsa, OK"
3405,Hell
3406,‚ôÇ ALABAMA ‚òº click for ammo ‚Üí
3407,"Wilton, IA"
3408,bigass multistan
3409,DTW
3410,"Pennsylvania, USA"
3411,"Ohio, USA"
3412,NY‚û°Ô∏èMD
3413,"Annapolis, MD"
3414,florida
3415,USA
3416,United States
3417,"NY or 37,000 ft"
3418,AerosmithüåäBlue Armyüåä
3419,"Madison, Wisconsin, USA"
3420,"Ashland, OR, USA"
3421,Silicon Valley‚ÜíPacificNW
3422,Australia
3423,megan fox 
3424,Los Angeles
3425,Seattle Grace Hospital‚úû
3426,Neverland üåõüåõ
3427,"Paris, TX, Fayetteville, NC"
3428,üé® Commissions are open
3429,RVA
3430,"Longview,WA"
3431,"Arizona, USA"
3432,MNL
3433,"New Bedford, MA"
3434,"Marshall, MI"
3435,"Delaware, USA"
3436,NY
3437,"Texas, USA"
3438,Los Angeles
3439,Australia
3440,"Texas, USA"
3441,New York City
3442,"Burlington, VT"
3443,"Sandy Beach, CT"
3444,"Melbourne, Victoria"
3445,the band room
3446,"Omaha, NE"
3447,the brink
3448,Kea'au Hawaii
3449,World
3450,New England USA
3451, Sweet Home Alabama ‚ÄºÔ∏è ‚ô•Ô∏è‚ô•Ô∏è
3452,USA
3453,"Distrito Federal, M√©xico"
3454,"Eau Claire, Wisconsin"
3455,"W. Nyack, NY"
3456,"New York, NY"
3457,"New Orleans, LA"
3458,"New York, NY"
3459,"Rip City, Oregon"
3460,"North Attleboro, MA"
3461,"Syracuse, New York"
3462,"Perth, Australia"
3463,"Lodi, CA"
3464,"Las Vegas, Nevada"
3465,Ohio
3466,Hell
3467,"Cleveland, OH"
3468,"New York, NY"
3469,Canada
3470,"Florida, USA"
3471,"Williamsburg, VA"
3472,California
3473,53147
3474,"Merthyr Tydfil, Wales"
3475,Los Angeles
3476,Oregon
3477,Seattle
3478,"Yonkers, NY"
3479,United Kingdom
3480,NY
3481,Ventura Co. CA. USA
3482,Nakatomi Plaza
3483,US
3484,"Double Springs, AL"
3485,"Ile-de-France, France"
3486,west indiana
3487,Portland
3488,"Fort Stockton, TX"
3489,440
3490,üåè
3491,USA
3492,The REPUBLIC of Texas!
3493,"Peshawar, Pakistan"
3494,US
3495,https://twitter.com/nick_mrtikki3
3496,"Sacramento, CA"
3497,waterloo
3498,"Elmira, NY"
3499,"Texas, USA"
3500,"East Coast, USA"
3501,United States
3502,USA
3503,"Ile-de-France, France"
3504,WorldWide 
3505,"Minnesota, USA"
3506,"Arkansas, USA"
3507,"Philadelphia, PA, USA"
3508,Ohio valley
3509,United States
3510,United States
3511,Colorado
3512,"California, USA"
3513,Sheffield
3514,Sheffield
3515,"San Antonio, TX"
3516,Canada
3517,"Tulsa, OK"
3518,SoCal
3519,"Milwaukee, WI"
3520,Mister Rogers‚Äô Neighborhood
3521,‡∏°‡∏π‡πâ‡∏≠‡∏±‡∏á‡πÅ‡∏•‡∏ô‡∏î‡πå
3522,"Scarborough, Ontario, Canada"
3523,"deep ,in a command bunker"
3524,"Staten Island, NY"
3525,DET MI USA
3526,"√úT: 34.8282831,-82.6053906"
3527,"East Coast, USA"
3528,"Oceanside, CA"
3529,United States
3530,"Cincinnati,Ohio"
3531,"West Valley City, UT"
3532,"Selangor, Malaysia"
3533,HKG ‚úà NYC ‚úà LON ‚úà SYD
3534,PHLüë£NYC
3535,Legit greatest country~
3536,"Woodland, WA"
3537,"""You can't get rich in politics unless you're a crook."" ~ Harry S. Truman"
3538,UAA
3539,Australia
3540,United States
3541,"Tampa, FL"
3542,USA
3543,where the blacktop ends
3544,"Oakley, CA"
3545,"California, USA"
3546,"Washington, USA"
3547,Australia
3548,Australia
3549,my home
3550,"Illinois, USA"
3551,"California, USA"
3552,Twitmo üò¥ LA (Lower Alabama)
3553,United States
3554,ùöùùö°ùöù‚ù£Ô∏é
3555,sfüåà
3556,Minneapolis
3557,"Boston, MA"
3558, Carolyn's Heart
3559,"Texas, USA"
3560,"Indianapolis, IN"
3561,"Sacramento, CA"
3562,US
3563,Singapore
3564,"Buffalo, NY "
3565,TX
3566,NY Is a shithole
3567,"Dallas, TX"
3568,"Stanford, CA, USA"
3569,Ottawa
3570,Boston #MAGA #TWGRP 
3571,down the rabbit hole
3572,"Cloverdale, CA"
3573,In your dreams
3574,TX ‚úàÔ∏è LA üõ≥ Seven Seas 
3575,MS Gulf Coast
3576,http://www.drjohnbergman.com/
3577,Bedford
3578,USA
3579,Former Intel / World Traveller
3580,A cloud‚òÅÔ∏è
3581,"St Louis, MO"
3582,"New Trumpshire, USA"
3583,"Aquariusüåû, Leoüåö, ‚¨ÜÔ∏èGemini"
3584,"Puebla, M√©xico"
3585,Eastern Washington
3586,http://www.drjohnbergman.com/
3587,"Charlotte, North Carolina"
3588,"Middletown, NY"
3589,"Bay Area, CA"
3590,"Kingston, Ontario"
3591,"Monterrey, M√©xico"
3592,"Texas, USA"
3593,"Portland, OR"
3594,Bay Area
3595,United States
3596,"Washington, USA"
3597,"Illinois, USA"
3598,"Atlanta, GA"
3599,"Baltimore, MD"
3600,M√©xico
3601,"San Mateo County, California"
3602,"Peterborough, Ontario, Canada"
3603,"Bay Area, CA"
3604,Eastcoast
3605,"Phoenix, AZ"
3606,"Maine, USA"
3607,"Upstate New York, NY"
3608,"Framingham, MA"
3609,"Maine, USA"
3610,"Texas, USA"
3611,"(Conway, Arkansas)"
3612,Asses
3613,USA
3614,"Dallas, TX"
3615,"Melbourne, Victoria"
3616,"Bronx, NY"
3617,Iligan City
3618,United States
3619,serenity 
3620,california
3621,Broward
3622,"Detroit, MI"
3623,"Seaside, California, USA"
3624,my home
3625,"Seaside, California, USA"
3626,Base Hereford
3627,New Zealand
3628,SomeWhere over the Rainbow
3629,my home
3630,Ottawa
3631,"Georgia, USA"
3632,Free Hanseatic City of Bremen
3633,"Milwaukee, WI"
3634,NorCal
3635,"Richmond, KY"
3636,Midwest United States
3637,"New Orleans, Louisiana."
3638,"Maine, USA"
3639,the zoo
3640,Utopia‚Ñ¢
3641,South Carolina‚ù§Ô∏è
3642,"Pittsburgh, PA"
3643,"Bintulu, Sarawak"
3644,"Lafayette, CO"
3645,"Milwaukee, WI"
3646,"Overland Park, KS"
3647,"odenton, md"
3648,"San Mateo County, California"
3649,The Universe
3650,"Caro, MI"
3651,"Huntington Beach, CA"
3652,"Hetauda, Nepal"
3653,US
3654,United States
3655,USA
3656,"Washington, DC"
3657,New Zealand
3658,"Philadelphia, PA"
3659,VA
3660,Macedonian Content Farmer 
3661,"Washington, DC"
3662,NEO
3663,"Nashville, TN"
3664,Oman
3665,"Detroit, MI "
3666,"Wrightwood, CA"
3667,Nagpur
3668,"Toronto, Ontario Canada"
3669,"San Luis Obispo, CA"
3670,Mississippi
3671,"Central Okanagan, British Columbia"
3672,Barcelona Spain
3673,New Jersey
3674,Michigan
3675,Jamaica
3676,"Erlanger, KY"
3677,United States
3678,"Corinth, MS"
3679,"Anand, India"
3680,luke 1:37 / proverbs 31:25 üå∫
3681,Land of the Sufis
3682,"Philadelphia, PA"
3683,London
3684,"Galveston, TX"
3685,"Arizona, USA"
3686,"Wrightwood, CA"
3687,"Indiana, USA"
3688,"Toronto, Ontario"
3689,Sports Purgatory
3690,"Boulder, CO"
3691,"Hudson Valley, New York"
3692,"Tempe, AZ"
3693,GA
3694,"Chicago, IL"
3695,Brisbane
3696,"Norfolk, VA"
3697,"San Diego, CA"
3698,NorCal
3699,"Canutillo, TX"
3700,"Kakistocracy, here there tither and yon"
3701,"Oregon, USA"
3702,"Lyon, France"
3703,Toronto
3704,"Harrisburg, PA"
3705,The United States of America
3706,https://gab.com/Neeto_Heeto
3707,GA
3708,Malaysia
3709,"Manchester, NH"
3710,"Berkeley, CA"
3711,"Ontario, Canada"
3712,Northern Illinois
3713,"Ann Arbor, MI"
3714,"Omaha, NE"
3715,"Ottawa, Canada"
3716,"Texas, USA"
3717,FL/VZLA
3718,"Tempe, AZ"
3719,Los Angeles
3720,United States
3721,Planet Earth
3722,"Pennsylvania, USA"
3723,"Columbus, OH"
3724,Australia
3725,"Wrightwood, CA"
3726,"odenton, md"
3727,"Houston, TX"
3728,Mister Rogers‚Äô Neighborhood
3729,"Auburn, MA"
3730,"Behind you, USA"
3731,"New Jersey, USA"
3732,"Perris, California"
3733,US
3734,"Double Springs, AL"
3735,"Ile-de-France, France"
3736,west indiana
3737,Portland
3738,"Fort Stockton, TX"
3739,440
3740,üåè
3741,USA
3742,The REPUBLIC of Texas!
3743,"Peshawar, Pakistan"
3744,US
3745,https://twitter.com/nick_mrtikki3
3746,"Sacramento, CA"
3747,waterloo
3748,"Elmira, NY"
3749,"Texas, USA"
3750,"East Coast, USA"
3751,United States
3752,USA
3753,"Ile-de-France, France"
3754,WorldWide 
3755,"Minnesota, USA"
3756,"Arkansas, USA"
3757,"Philadelphia, PA, USA"
3758,Ohio valley
3759,United States
3760,United States
3761,Colorado
3762,"California, USA"
3763,Sheffield
3764,Sheffield
3765,Canada
3766,"Tulsa, OK"
3767,SoCal
3768,"Milwaukee, WI"
3769,Mister Rogers‚Äô Neighborhood
3770,‡∏°‡∏π‡πâ‡∏≠‡∏±‡∏á‡πÅ‡∏•‡∏ô‡∏î‡πå
3771,"Scarborough, Ontario, Canada"
3772,"deep ,in a command bunker"
3773,"Staten Island, NY"
3774,DET MI USA
3775,"√úT: 34.8282831,-82.6053906"
3776,"East Coast, USA"
3777,"Oceanside, CA"
3778,United States
3779,"Cincinnati,Ohio"
3780,"West Valley City, UT"
3781,"Selangor, Malaysia"
3782,HKG ‚úà NYC ‚úà LON ‚úà SYD
3783,PHLüë£NYC
3784,Legit greatest country~
3785,"Woodland, WA"
3786,"""You can't get rich in politics unless you're a crook."" ~ Harry S. Truman"
3787,UAA
3788,Australia
3789,United States
3790,"Tampa, FL"
3791,USA
3792,where the blacktop ends
3793,"Oakley, CA"
3794,"California, USA"
3795,"Washington, USA"
3796,Australia
3797,Australia
3798,my home
3799,"Illinois, USA"
3800,"California, USA"
3801,Twitmo üò¥ LA (Lower Alabama)
3802,United States
3803,ùöùùö°ùöù‚ù£Ô∏é
3804,sfüåà
3805,Minneapolis
3806,"Boston, MA"
3807, Carolyn's Heart
3808,"Texas, USA"
3809,"Indianapolis, IN"
3810,"Sacramento, CA"
3811,US
3812,Singapore
3813,"Buffalo, NY "
3814,TX
3815,NY Is a shithole
3816,"Dallas, TX"
3817,"Stanford, CA, USA"
3818,Ottawa
3819,Boston #MAGA #TWGRP 
3820,down the rabbit hole
3821,"Cloverdale, CA"
3822,In your dreams
3823,TX ‚úàÔ∏è LA üõ≥ Seven Seas 
3824,MS Gulf Coast
3825,http://www.drjohnbergman.com/
3826,Bedford
3827,USA
3828,Former Intel / World Traveller
3829,A cloud‚òÅÔ∏è
3830,"St Louis, MO"
3831,"New Trumpshire, USA"
3832,"Aquariusüåû, Leoüåö, ‚¨ÜÔ∏èGemini"
3833,"Puebla, M√©xico"
3834,Eastern Washington
3835,http://www.drjohnbergman.com/
3836,"Charlotte, North Carolina"
3837,"Middletown, NY"
3838,"Bay Area, CA"
3839,"Kingston, Ontario"
3840,"Monterrey, M√©xico"
3841,"Texas, USA"
3842,"Portland, OR"
3843,Bay Area
3844,United States
3845,"Washington, USA"
3846,"Illinois, USA"
3847,"Atlanta, GA"
3848,"Baltimore, MD"
3849,M√©xico
3850,"San Mateo County, California"
3851,"Peterborough, Ontario, Canada"
3852,"Bay Area, CA"
3853,Eastcoast
3854,"Phoenix, AZ"
3855,"Maine, USA"
3856,"Upstate New York, NY"
3857,"Framingham, MA"
3858,"Maine, USA"
3859,"Texas, USA"
3860,"(Conway, Arkansas)"
3861,Asses
3862,USA
3863,"Dallas, TX"
3864,"Melbourne, Victoria"
3865,"Bronx, NY"
3866,Iligan City
